<?xml version="1.0" encoding="UTF-8"?>

<Practitioner xmlns="http://hl7.org/fhir">
  <id value="practitioner-nurse"/>
  <meta>
    <profile value="http://fhir.health.gov.il/StructureDefinition/il-core-practitioner"/>
  </meta>
  <text>
    <status value="generated"/><div xmlns="http://www.w3.org/1999/xhtml">אחות מוסמכת</div>
  </text>
  <identifier>
    <system value="http://practitioners.health.gov.il/Nurses"/>
    <value value="7962"/>
  </identifier>
  <active value="true"/>
  <name>
    <text value="ג'וסלין ששון"/>
    <family value="ששון"/>
    <given value="ג'וסלין"/>
    <prefix value="גב'"/>
  </name>
  <telecom>
    <system value="phone"/>
    <value value="02-5334295"/>
    <use value="work"/>
  </telecom>
  <gender value="female"/>
  <birthDate value="1986-06-30"/>
  <qualification>
    <extension url="http://fhir.health.gov.il/StructureDefinition/ext-qualification-practice">
      <valueCodeableConcept>
        <coding>
          <system value="http://fhir.health.gov.il/cs/practitioner-profession-moh"/>
          <code value="101"/>
          <display value="אח/ות מוסמכ/ת"/>
        </coding>
      </valueCodeableConcept>
    </extension>
    <identifier>
      <system value="http://practitioners.health.gov.il/Practitioners"/>
      <value value="362666"/>
    </identifier>
    <code>
      <coding>
        <system value="http://fhir.health.gov.il/cs/practitioner-certificate-type-moh"/>
        <code value="26"/>
        <display value="תעודת רישום"/>
      </coding>
    </code>
  </qualification>
  <qualification>
    <extension url="http://fhir.health.gov.il/StructureDefinition/ext-qualification-practice">
      <valueCodeableConcept>
        <coding>
          <system value="http://fhir.health.gov.il/cs/practitioner-expertise-moh"/>
          <code value="102"/>
          <display value="סוכרת"/>
        </coding>
      </valueCodeableConcept>
    </extension>
    <identifier>
      <system value="http://practitioners.health.gov.il/practitioner-certificate"/>
      <value value="12070"/>
    </identifier>
    <code>
      <coding>
        <system value="http://fhir.health.gov.il/cs/practitioner-certificate-type-moh"/>
        <code value="5"/>
        <display value="תעודת מומחה"/>
      </coding>
    </code>
  </qualification>
</Practitioner>