<?xml version="1.0" encoding="UTF-8"?>

<ValueSet xmlns="http://hl7.org/fhir">
  <id value="statistical-area-uri"/>
  <language value="he-IL"/>
  <text>
    <status value="generated"/><div xmlns="http://www.w3.org/1999/xhtml" xml:lang="he-IL" lang="he-IL"><ul><li>Include these codes as defined in <code>urn:ietf:rfc:3986</code><table class="none"><tr><td style="white-space:nowrap"><b>Code</b></td><td><b>Display</b></td></tr><tr><td>http://fhir.health.gov.il/identifier/cbs-statistical-area</td><td>Israeli CBS statistical area code</td></tr></table></li></ul></div>
  </text>
  <url value="http://fhir.health.gov.il/ValueSet/statistical-area-uri"/>
  <version value="4.1.0"/>
  <name value="StatisticalAreaUri"/>
  <title value="Israeli statistical area (אג&quot;ס) URI"/>
  <status value="draft"/>
  <date value="2022-04-25T22:05:39+03:00"/>
  <contact>
    <name value="Kippi Bordowitz"/>
    <telecom>
      <system value="email"/>
      <value value="amos@outburn.co.il"/>
    </telecom>
  </contact>
  <description value="URI's of statistical area identifiers"/>
  <compose>
    <include>
      <system value="urn:ietf:rfc:3986"/>
      <concept>
        <code value="http://fhir.health.gov.il/identifier/cbs-statistical-area"/>
        <display value="Israeli CBS statistical area code"/>
      </concept>
    </include>
  </compose>
</ValueSet>