<?xml version="1.0" encoding="UTF-8"?><ImplementationGuide xmlns="http://hl7.org/fhir"><id value="ILCore"/><text><status value="extensions"/><div xmlns="http://www.w3.org/1999/xhtml"><h2>ILCoreImplementationGuide</h2><p>The official URL for this implementation guide is: </p><pre>http://fhir.health.gov.il/ImplementationGuide/attempt1/ImplementationGuide/ILCore</pre><div><p>Implementation guide for Israel Core FHIR</p>
</div></div></text><url value="http://fhir.health.gov.il/ImplementationGuide/attempt1/ImplementationGuide/ILCore"/><version value="4.1.0"/><name value="ILCoreImplementationGuide"/><title value="IL Core Implementation Guide"/><status value="draft"/><date value="2022-04-25T22:05:39+03:00"/><contact><name value="Kippi Bordowitz"/><telecom><system value="email"/><value value="amos@outburn.co.il"/></telecom></contact><description value="Implementation guide for Israel Core FHIR"/><packageId value="ILCore"/><license value="CC0-1.0"/><fhirVersion value="4.0.1"/><dependsOn id="hl7_fhir_us_core"><uri value="http://hl7.org/fhir/us/core/ImplementationGuide/ig"/><packageId value="hl7.fhir.us.core"/><version value="4.1.0"/></dependsOn><definition><extension url="http://hl7.org/fhir/tools/StructureDefinition/ig-parameter"><extension url="code"><valueString value="copyrightyear"/></extension><extension url="value"><valueString value="2020+"/></extension></extension><extension url="http://hl7.org/fhir/tools/StructureDefinition/ig-parameter"><extension url="code"><valueString value="releaselabel"/></extension><extension url="value"><valueString value="ci-build"/></extension></extension><extension url="http://hl7.org/fhir/tools/StructureDefinition/ig-parameter"><extension url="code"><valueString value="apply-publisher"/></extension><extension url="value"><valueString value="true"/></extension></extension><extension url="http://hl7.org/fhir/tools/StructureDefinition/ig-parameter"><extension url="code"><valueString value="apply-contact"/></extension><extension url="value"><valueString value="true"/></extension></extension><extension url="http://hl7.org/fhir/tools/StructureDefinition/ig-parameter"><extension url="code"><valueString value="show-inherited-invariants"/></extension><extension url="value"><valueString value="false"/></extension></extension><extension url="http://hl7.org/fhir/tools/StructureDefinition/ig-parameter"><extension url="code"><valueString value="autoload-resources"/></extension><extension url="value"><valueString value="true"/></extension></extension><extension url="http://hl7.org/fhir/tools/StructureDefinition/ig-parameter"><extension url="code"><valueString value="path-liquid"/></extension><extension url="value"><valueString value="template/liquid"/></extension></extension><extension url="http://hl7.org/fhir/tools/StructureDefinition/ig-parameter"><extension url="code"><valueString value="path-liquid"/></extension><extension url="value"><valueString value="input/liquid"/></extension></extension><extension url="http://hl7.org/fhir/tools/StructureDefinition/ig-parameter"><extension url="code"><valueString value="path-qa"/></extension><extension url="value"><valueString value="temp/qa"/></extension></extension><extension url="http://hl7.org/fhir/tools/StructureDefinition/ig-parameter"><extension url="code"><valueString value="path-temp"/></extension><extension url="value"><valueString value="temp/pages"/></extension></extension><extension url="http://hl7.org/fhir/tools/StructureDefinition/ig-parameter"><extension url="code"><valueString value="path-output"/></extension><extension url="value"><valueString value="output"/></extension></extension><extension url="http://hl7.org/fhir/tools/StructureDefinition/ig-parameter"><extension url="code"><valueString value="path-suppressed-warnings"/></extension><extension url="value"><valueString value="input/ignoreWarnings.txt"/></extension></extension><extension url="http://hl7.org/fhir/tools/StructureDefinition/ig-parameter"><extension url="code"><valueString value="path-history"/></extension><extension url="value"><valueString value="http://fhir.health.gov.il/history.html"/></extension></extension><extension url="http://hl7.org/fhir/tools/StructureDefinition/ig-parameter"><extension url="code"><valueString value="template-html"/></extension><extension url="value"><valueString value="template-page.html"/></extension></extension><extension url="http://hl7.org/fhir/tools/StructureDefinition/ig-parameter"><extension url="code"><valueString value="template-md"/></extension><extension url="value"><valueString value="template-page-md.html"/></extension></extension><extension url="http://hl7.org/fhir/tools/StructureDefinition/ig-parameter"><extension url="code"><valueString value="apply-context"/></extension><extension url="value"><valueString value="true"/></extension></extension><extension url="http://hl7.org/fhir/tools/StructureDefinition/ig-parameter"><extension url="code"><valueString value="apply-copyright"/></extension><extension url="value"><valueString value="true"/></extension></extension><extension url="http://hl7.org/fhir/tools/StructureDefinition/ig-parameter"><extension url="code"><valueString value="apply-jurisdiction"/></extension><extension url="value"><valueString value="true"/></extension></extension><extension url="http://hl7.org/fhir/tools/StructureDefinition/ig-parameter"><extension url="code"><valueString value="apply-license"/></extension><extension url="value"><valueString value="true"/></extension></extension><extension url="http://hl7.org/fhir/tools/StructureDefinition/ig-parameter"><extension url="code"><valueString value="apply-version"/></extension><extension url="value"><valueString value="true"/></extension></extension><extension url="http://hl7.org/fhir/tools/StructureDefinition/ig-parameter"><extension url="code"><valueString value="active-tables"/></extension><extension url="value"><valueString value="true"/></extension></extension><extension url="http://hl7.org/fhir/tools/StructureDefinition/ig-parameter"><extension url="code"><valueString value="fmm-definition"/></extension><extension url="value"><valueString value="http://hl7.org/fhir/versions.html#maturity"/></extension></extension><extension url="http://hl7.org/fhir/tools/StructureDefinition/ig-parameter"><extension url="code"><valueString value="propagate-status"/></extension><extension url="value"><valueString value="true"/></extension></extension><extension url="http://hl7.org/fhir/tools/StructureDefinition/ig-parameter"><extension url="code"><valueString value="excludelogbinaryformat"/></extension><extension url="value"><valueString value="true"/></extension></extension><grouping id="-str-profile"><name value="Structures: Resource Profiles"/><description value="These define constraints on FHIR resources for systems conforming to this implementation guide"/></grouping><grouping id="-str-datatype"><name value="Structures: Data Type Profiles"/><description value="These define constraints on FHIR data types for systems conforming to this implementation guide"/></grouping><grouping id="-str-extension"><name value="Structures: Extension Definitions"/><description value="These define constraints on FHIR data types for systems conforming to this implementation guide"/></grouping><grouping id="-term-valueset"><name value="Terminology: Value Sets"/><description value="These define sets of codes used by systems conforming to this implementation guide"/></grouping><grouping id="-term-codesystem"><name value="Terminology: Code Systems"/><description value="These define new code systems used by systems conforming to this implementation guide"/></grouping><grouping id="-term-namingsystem"><name value="Terminology: Naming Systems"/><description value="These define identifier and/or code system identities used by systems conforming to this implementation guide"/></grouping><grouping id="-ex-example"><name value="Example: Example Instances"/><description value="These are example instances that show what data produced and consumed by systems conforming with this implementation guide might look like"/></grouping><resource><extension url="http://hl7.org/fhir/StructureDefinition/implementationguide-page"><valueUri value="StructureDefinition-il-core-address.html"/></extension><reference><reference value="StructureDefinition/il-core-address"/></reference><name value="ILCore Address Profile"/><description value="Adds several Israel-specific extensions, plus geocode to the Address datatype"/><exampleBoolean value="false"/><groupingId value="-str-datatype"/></resource><resource><extension url="http://hl7.org/fhir/StructureDefinition/implementationguide-page"><valueUri value="StructureDefinition-il-core-allergy-intolerance.html"/></extension><reference><reference value="StructureDefinition/il-core-allergy-intolerance"/></reference><name value="ILCore AllergyIntolerance Profile"/><description value="Proposed constraints and extensions on the AllergyIntolerance Resource"/><exampleBoolean value="false"/><groupingId value="-str-profile"/></resource><resource><extension url="http://hl7.org/fhir/StructureDefinition/implementationguide-page"><valueUri value="StructureDefinition-il-core-claim.html"/></extension><reference><reference value="StructureDefinition/il-core-claim"/></reference><name value="ILCore Claim Profile"/><description value="Proposed constraints and extensions on the Claim Resource"/><exampleBoolean value="false"/><groupingId value="-str-profile"/></resource><resource><extension url="http://hl7.org/fhir/StructureDefinition/implementationguide-page"><valueUri value="StructureDefinition-il-core-condition.html"/></extension><reference><reference value="StructureDefinition/il-core-condition"/></reference><name value="ILCore Condition Profile"/><description value="Proposed constraints and extensions on the Condition Resource"/><exampleBoolean value="false"/><groupingId value="-str-profile"/></resource><resource><extension url="http://hl7.org/fhir/StructureDefinition/implementationguide-page"><valueUri value="StructureDefinition-il-core-coverage-eligibility-request.html"/></extension><reference><reference value="StructureDefinition/il-core-coverage-eligibility-request"/></reference><name value="ILCore CoverageEligibilityRequest Profile"/><description value="Proposed constraints and extensions on the CoverageEligibilityRequest Resource"/><exampleBoolean value="false"/><groupingId value="-str-profile"/></resource><resource><extension url="http://hl7.org/fhir/StructureDefinition/implementationguide-page"><valueUri value="StructureDefinition-il-core-coverage-eligibility-response.html"/></extension><reference><reference value="StructureDefinition/il-core-coverage-eligibility-response"/></reference><name value="ILCore CoverageEligibilityResponse Profile"/><description value="Proposed constraints and extensions on the CoverageEligibilityResponse Resource"/><exampleBoolean value="false"/><groupingId value="-str-profile"/></resource><resource><extension url="http://hl7.org/fhir/StructureDefinition/implementationguide-page"><valueUri value="StructureDefinition-il-core-device.html"/></extension><reference><reference value="StructureDefinition/il-core-device"/></reference><name value="ILCore Device Profile"/><description value="Proposed constraints and extensions on the Device Resource"/><exampleBoolean value="false"/><groupingId value="-str-profile"/></resource><resource><extension url="http://hl7.org/fhir/StructureDefinition/implementationguide-page"><valueUri value="StructureDefinition-il-core-device-definition.html"/></extension><reference><reference value="StructureDefinition/il-core-device-definition"/></reference><name value="ILCore DeviceDefinition Profile"/><description value="Proposed constraints and extensions on the DeviceDefinition Resource"/><exampleBoolean value="false"/><groupingId value="-str-profile"/></resource><resource><extension url="http://hl7.org/fhir/StructureDefinition/implementationguide-page"><valueUri value="StructureDefinition-il-core-diagnostic-report.html"/></extension><reference><reference value="StructureDefinition/il-core-diagnostic-report"/></reference><name value="ILCore DiagnosticReport Profile"/><description value="Proposed constraints and extensions on the DiagnosticReport Resource"/><exampleBoolean value="false"/><groupingId value="-str-profile"/></resource><resource><extension url="http://hl7.org/fhir/StructureDefinition/implementationguide-page"><valueUri value="StructureDefinition-il-core-encounter.html"/></extension><reference><reference value="StructureDefinition/il-core-encounter"/></reference><name value="ILCore Encounter Profile"/><description value="Proposed constraints and extensions on the Encounter Resource"/><exampleBoolean value="false"/><groupingId value="-str-profile"/></resource><resource><extension url="http://hl7.org/fhir/StructureDefinition/implementationguide-page"><valueUri value="StructureDefinition-il-core-family-member-history.html"/></extension><reference><reference value="StructureDefinition/il-core-family-member-history"/></reference><name value="ILCore FamilyMemberHistory Profile"/><description value="Proposed constraints and extensions on theILCoreFamilyMemberHistory Resource"/><exampleBoolean value="false"/><groupingId value="-str-profile"/></resource><resource><extension url="http://hl7.org/fhir/StructureDefinition/implementationguide-page"><valueUri value="StructureDefinition-il-core-group.html"/></extension><reference><reference value="StructureDefinition/il-core-group"/></reference><name value="ILCore Group Profile"/><description value="Proposed constraints and extensions on the Group Resource"/><exampleBoolean value="false"/><groupingId value="-str-profile"/></resource><resource><extension url="http://hl7.org/fhir/StructureDefinition/implementationguide-page"><valueUri value="StructureDefinition-il-core-imaging-study.html"/></extension><reference><reference value="StructureDefinition/il-core-imaging-study"/></reference><name value="ILCore ImagingStudy Profile"/><description value="Proposed constraints and extensions on the ImagingStudy Resource"/><exampleBoolean value="false"/><groupingId value="-str-profile"/></resource><resource><extension url="http://hl7.org/fhir/StructureDefinition/implementationguide-page"><valueUri value="StructureDefinition-il-core-location.html"/></extension><reference><reference value="StructureDefinition/il-core-location"/></reference><name value="ILCore Location Profile"/><description value="Proposed constraints and extensions on the Location Resource"/><exampleBoolean value="false"/><groupingId value="-str-profile"/></resource><resource><extension url="http://hl7.org/fhir/StructureDefinition/implementationguide-page"><valueUri value="StructureDefinition-il-core-media.html"/></extension><reference><reference value="StructureDefinition/il-core-media"/></reference><name value="ILCore Media Profile"/><description value="Proposed constraints and extensions on the Media Resource"/><exampleBoolean value="false"/><groupingId value="-str-profile"/></resource><resource><extension url="http://hl7.org/fhir/StructureDefinition/implementationguide-page"><valueUri value="StructureDefinition-il-core-medication.html"/></extension><reference><reference value="StructureDefinition/il-core-medication"/></reference><name value="ILCore Medication Profile"/><description value="Proposed constraints and extensions on the Medication Resource"/><exampleBoolean value="false"/><groupingId value="-str-profile"/></resource><resource><extension url="http://hl7.org/fhir/StructureDefinition/implementationguide-page"><valueUri value="StructureDefinition-il-core-medication-request.html"/></extension><reference><reference value="StructureDefinition/il-core-medication-request"/></reference><name value="ILCore MedicationRequest Profile"/><description value="Proposed constraints and extensions on the MedicationRequest  Resource"/><exampleBoolean value="false"/><groupingId value="-str-profile"/></resource><resource><extension url="http://hl7.org/fhir/StructureDefinition/implementationguide-page"><valueUri value="StructureDefinition-il-core-observation.html"/></extension><reference><reference value="StructureDefinition/il-core-observation"/></reference><name value="ILCore Observation Profile"/><description value="Proposed constraints and extensions on the Observation Resource"/><exampleBoolean value="false"/><groupingId value="-str-profile"/></resource><resource><extension url="http://hl7.org/fhir/StructureDefinition/implementationguide-page"><valueUri value="StructureDefinition-il-core-organization.html"/></extension><reference><reference value="StructureDefinition/il-core-organization"/></reference><name value="ILCore Organization Profile"/><description value="Proposed constraints and extensions on the Organization Resource"/><exampleBoolean value="false"/><groupingId value="-str-profile"/></resource><resource><extension url="http://hl7.org/fhir/StructureDefinition/implementationguide-page"><valueUri value="StructureDefinition-il-core-patient.html"/></extension><reference><reference value="StructureDefinition/il-core-patient"/></reference><name value="ILCore Patient Profile"/><description value="Proposed constraints and extensions on the Patient Resource."/><exampleBoolean value="false"/><groupingId value="-str-profile"/></resource><resource><extension url="http://hl7.org/fhir/StructureDefinition/implementationguide-page"><valueUri value="StructureDefinition-il-core-practitioner.html"/></extension><reference><reference value="StructureDefinition/il-core-practitioner"/></reference><name value="ILCore Practitioner Profile"/><description value="Proposed constraints and extensions on the Practitioner Resource"/><exampleBoolean value="false"/><groupingId value="-str-profile"/></resource><resource><extension url="http://hl7.org/fhir/StructureDefinition/implementationguide-page"><valueUri value="StructureDefinition-il-core-practitioner-role.html"/></extension><reference><reference value="StructureDefinition/il-core-practitioner-role"/></reference><name value="ILCore PractitionerRole Profile"/><description value="Proposed constraints and extensions on the PractitionerRole Resource"/><exampleBoolean value="false"/><groupingId value="-str-profile"/></resource><resource><extension url="http://hl7.org/fhir/StructureDefinition/implementationguide-page"><valueUri value="StructureDefinition-il-core-procedure.html"/></extension><reference><reference value="StructureDefinition/il-core-procedure"/></reference><name value="ILCore Procedure Profile"/><description value="Proposed constraints and extensions on the Procedure Resource"/><exampleBoolean value="false"/><groupingId value="-str-profile"/></resource><resource><extension url="http://hl7.org/fhir/StructureDefinition/implementationguide-page"><valueUri value="StructureDefinition-il-core-questionnaire-response.html"/></extension><reference><reference value="StructureDefinition/il-core-questionnaire-response"/></reference><name value="ILCore QuestionnaireResponse Profile"/><description value="Proposed constraints and extensions on the QuestionnaireResponse Resource"/><exampleBoolean value="false"/><groupingId value="-str-profile"/></resource><resource><extension url="http://hl7.org/fhir/StructureDefinition/implementationguide-page"><valueUri value="StructureDefinition-il-core-related-person.html"/></extension><reference><reference value="StructureDefinition/il-core-related-person"/></reference><name value="ILCore RelatedPerson Profile"/><description value="Proposed constraints and extensions on theILCoreRelatedPerson Resource"/><exampleBoolean value="false"/><groupingId value="-str-profile"/></resource><resource><extension url="http://hl7.org/fhir/StructureDefinition/implementationguide-page"><valueUri value="StructureDefinition-il-core-service-request.html"/></extension><reference><reference value="StructureDefinition/il-core-service-request"/></reference><name value="ILCore ServiceRequest Profile"/><description value="Proposed constraints and extensions on the ServiceRequest Resource"/><exampleBoolean value="false"/><groupingId value="-str-profile"/></resource><resource><extension url="http://hl7.org/fhir/StructureDefinition/implementationguide-page"><valueUri value="StructureDefinition-il-core-specimen.html"/></extension><reference><reference value="StructureDefinition/il-core-specimen"/></reference><name value="ILCore Specimen Profile"/><description value="Proposed constraints and extensions on the Specimen Resource"/><exampleBoolean value="false"/><groupingId value="-str-profile"/></resource><resource><extension url="http://hl7.org/fhir/StructureDefinition/implementationguide-page"><valueUri value="StructureDefinition-MyPatient.html"/></extension><reference><reference value="StructureDefinition/MyPatient"/></reference><name value="MyPatient"/><exampleBoolean value="false"/><groupingId value="-str-profile"/></resource><resource><extension url="http://hl7.org/fhir/StructureDefinition/implementationguide-page"><valueUri value="StructureDefinition-ext-city-code.html"/></extension><reference><reference value="StructureDefinition/ext-city-code"/></reference><name value="City Code"/><description value="A coded representation of the city, town or settlement"/><exampleBoolean value="false"/><groupingId value="-str-extension"/></resource><resource><extension url="http://hl7.org/fhir/StructureDefinition/implementationguide-page"><valueUri value="StructureDefinition-ext-il-hmo.html"/></extension><reference><reference value="StructureDefinition/ext-il-hmo"/></reference><name value="Israel Health Management Organization (קופת חולים)"/><description value="Extension: Israel Health Management Organizations (קופות חולים)"/><exampleBoolean value="false"/><groupingId value="-str-extension"/></resource><resource><extension url="http://hl7.org/fhir/StructureDefinition/implementationguide-page"><valueUri value="StructureDefinition-ext-parent-name.html"/></extension><reference><reference value="StructureDefinition/ext-parent-name"/></reference><name value="Name of parent"/><description value="Extension: The name of a parent"/><exampleBoolean value="false"/><groupingId value="-str-extension"/></resource><resource><extension url="http://hl7.org/fhir/StructureDefinition/implementationguide-page"><valueUri value="StructureDefinition-ext-patient-immigration.html"/></extension><reference><reference value="StructureDefinition/ext-patient-immigration"/></reference><name value="Patient Immigration"/><description value="Extension: Immigration information for patient - for the purpose of this extension - immigration is an international movement of a person to a destination country in order to settle as permanent resident"/><exampleBoolean value="false"/><groupingId value="-str-extension"/></resource><resource><extension url="http://hl7.org/fhir/StructureDefinition/implementationguide-page"><valueUri value="StructureDefinition-ext-qualification-practice.html"/></extension><reference><reference value="StructureDefinition/ext-qualification-practice"/></reference><name value="Qualification Practice"/><description value="Extension: Qualification Practice"/><exampleBoolean value="false"/><groupingId value="-str-extension"/></resource><resource><extension url="http://hl7.org/fhir/StructureDefinition/implementationguide-page"><valueUri value="StructureDefinition-ext-statistical-area.html"/></extension><reference><reference value="StructureDefinition/ext-statistical-area"/></reference><name value="Statistical Area"/><description value="Extension: Statistical Area"/><exampleBoolean value="false"/><groupingId value="-str-extension"/></resource><resource><extension url="http://hl7.org/fhir/StructureDefinition/implementationguide-page"><valueUri value="ValueSet-city-symbol.html"/></extension><reference><reference value="ValueSet/city-symbol"/></reference><name value="City Symbol (סמל ישוב)"/><description value="City classification according to the Israeli Postal Company city-symbol coding system"/><exampleBoolean value="false"/><groupingId value="-term-valueset"/></resource><resource><extension url="http://hl7.org/fhir/StructureDefinition/implementationguide-page"><valueUri value="ValueSet-il-core-condition-category.html"/></extension><reference><reference value="ValueSet/il-core-condition-category"/></reference><name value="IL Core Condition Category Codes"/><description value="A list of category codes for conditions for the IL Core"/><exampleBoolean value="false"/><groupingId value="-term-valueset"/></resource><resource><extension url="http://hl7.org/fhir/StructureDefinition/implementationguide-page"><valueUri value="ValueSet-il-core-condition-code.html"/></extension><reference><reference value="ValueSet/il-core-condition-code"/></reference><name value="IL Core Condition Codes"/><description value="A list of codes for conditions for the IL Core"/><exampleBoolean value="false"/><groupingId value="-term-valueset"/></resource><resource><extension url="http://hl7.org/fhir/StructureDefinition/implementationguide-page"><valueUri value="ValueSet-vs-patient-relationship-type.html"/></extension><reference><reference value="ValueSet/vs-patient-relationship-type"/></reference><name value="IL Core Patient Relationship Type codes"/><description value="A set of codes that can be used to indicate the relationship between a Patient and a Related Person."/><exampleBoolean value="false"/><groupingId value="-term-valueset"/></resource><resource><extension url="http://hl7.org/fhir/StructureDefinition/implementationguide-page"><valueUri value="ValueSet-institution-type-moh.html"/></extension><reference><reference value="ValueSet/institution-type-moh"/></reference><name value="סוג מוסד לפי רישוי משרד הבריאות"/><description value="סוג מוסד לפי רישוי משרד הבריאות - הרוב המכריע נמצא בפרסום המאגר של רישוי מוסדות של משרד הבריאות"/><exampleBoolean value="false"/><groupingId value="-term-valueset"/></resource><resource><extension url="http://hl7.org/fhir/StructureDefinition/implementationguide-page"><valueUri value="ValueSet-israel-hmo.html"/></extension><reference><reference value="ValueSet/israel-hmo"/></reference><name value="Israeli Health Management Organization (קופת חולים)"/><description value="A code classifying Health Management Organizations"/><exampleBoolean value="false"/><groupingId value="-term-valueset"/></resource><resource><extension url="http://hl7.org/fhir/StructureDefinition/implementationguide-page"><valueUri value="ValueSet-medical-service-code.html"/></extension><reference><reference value="ValueSet/medical-service-code"/></reference><name value="קוד מוצר או שירות"/><description value="קוד שירותים רפואיים , כולל שירותים באשפוז, שירותים אמבולטוריים, רפואת שיניים ובריאות הנפש"/><exampleBoolean value="false"/><groupingId value="-term-valueset"/></resource><resource><extension url="http://hl7.org/fhir/StructureDefinition/implementationguide-page"><valueUri value="ValueSet-medical-service-moh.html"/></extension><reference><reference value="ValueSet/medical-service-moh"/></reference><name value="קוד מוצר או שירות"/><description value="קוד שירותים רפואיים , כולל שירותים באשפוז, שירותים אמבולטוריים, רפואת שיניים ובריאות הנפש"/><exampleBoolean value="false"/><groupingId value="-term-valueset"/></resource><resource><extension url="http://hl7.org/fhir/StructureDefinition/implementationguide-page"><valueUri value="ValueSet-passport-uri.html"/></extension><reference><reference value="ValueSet/passport-uri"/></reference><name value="Passport URIs"/><description value="A country specific URI for passport numbers"/><exampleBoolean value="false"/><groupingId value="-term-valueset"/></resource><resource><extension url="http://hl7.org/fhir/StructureDefinition/implementationguide-page"><valueUri value="ValueSet-practitioner-certificate-type-moh.html"/></extension><reference><reference value="ValueSet/practitioner-certificate-type-moh"/></reference><name value="MoH Certificate Types"/><description value="A list of codes for certificate types according to Israeli MoH"/><exampleBoolean value="false"/><groupingId value="-term-valueset"/></resource><resource><extension url="http://hl7.org/fhir/StructureDefinition/implementationguide-page"><valueUri value="ValueSet-practitioner-expertise-moh.html"/></extension><reference><reference value="ValueSet/practitioner-expertise-moh"/></reference><name value="קוד מומחיות לעוסק בבריאות"/><description value="קוד מומחיות לעוסק בבריאות לפי רישוי משרד הבריאות"/><exampleBoolean value="false"/><groupingId value="-term-valueset"/></resource><resource><extension url="http://hl7.org/fhir/StructureDefinition/implementationguide-page"><valueUri value="ValueSet-practitioner-profession-moh.html"/></extension><reference><reference value="ValueSet/practitioner-profession-moh"/></reference><name value="קוד מקצוע לעוסק בבריאות"/><description value="קוד מקצוע לעוסק בבריאות לפי רישוי משרד הבריאות"/><exampleBoolean value="false"/><groupingId value="-term-valueset"/></resource><resource><extension url="http://hl7.org/fhir/StructureDefinition/implementationguide-page"><valueUri value="ValueSet-statistical-area-uri.html"/></extension><reference><reference value="ValueSet/statistical-area-uri"/></reference><name value="Israeli statistical area (אג&quot;ס) URI"/><description value="URI's of statistical area identifiers"/><exampleBoolean value="false"/><groupingId value="-term-valueset"/></resource><resource><extension url="http://hl7.org/fhir/StructureDefinition/implementationguide-page"><valueUri value="ValueSet-yarpa-medication-code.html"/></extension><reference><reference value="ValueSet/yarpa-medication-code"/></reference><name value="Yarpa Medication Code"/><description value="Codes for medications according to 'Yarpa' catalogue"/><exampleBoolean value="false"/><groupingId value="-term-valueset"/></resource><resource><extension url="http://hl7.org/fhir/StructureDefinition/implementationguide-page"><valueUri value="CodeSystem-city-symbol.html"/></extension><reference><reference value="CodeSystem/city-symbol"/></reference><name value="City Symbol (סמל ישוב)"/><description value="Codes for cities in Israel"/><exampleBoolean value="false"/><groupingId value="-term-codesystem"/></resource><resource><extension url="http://hl7.org/fhir/StructureDefinition/implementationguide-page"><valueUri value="CodeSystem-institution-type-moh.html"/></extension><reference><reference value="CodeSystem/institution-type-moh"/></reference><name value="סוג מוסד לפי רישוי משרד הבריאות"/><description value="סוג מוסד לפי רישוי משרד הבריאות - הרוב המכריע נמצא בפרסום המאגר של רישוי מוסדות של משרד הבריאות"/><exampleBoolean value="false"/><groupingId value="-term-codesystem"/></resource><resource><extension url="http://hl7.org/fhir/StructureDefinition/implementationguide-page"><valueUri value="CodeSystem-medical-service-moh.html"/></extension><reference><reference value="CodeSystem/medical-service-moh"/></reference><name value="קוד מוצר או שירות על פי משרד הבריאות"/><description value="קוד שירותים רפואיים , כולל שירותים באשפוז, שירותים אמבולטוריים, רפואת שיניים ובריאות הנפש &#xA; Codes for medical services. Note that while this code system closely resembles CPT and includes a large number of CPT codes, there are some additional codes that are not covered by CPT and, more importantly, some cases where CPT codes are remapped and have different semantic meanings (e.g., code #28899 has two different meanings in CPT and in MoH codesytem). Therefore, despite apparent resemblance, this code system MUST NOT be treated as CPT."/><exampleBoolean value="false"/><groupingId value="-term-codesystem"/></resource><resource><extension url="http://hl7.org/fhir/StructureDefinition/implementationguide-page"><valueUri value="CodeSystem-passport-uri.html"/></extension><reference><reference value="CodeSystem/passport-uri"/></reference><name value="Country Code URIs"/><description value="A country specific URI for passport numbers"/><exampleBoolean value="false"/><groupingId value="-term-codesystem"/></resource><resource><extension url="http://hl7.org/fhir/StructureDefinition/implementationguide-page"><valueUri value="CodeSystem-paying-entity-moh.html"/></extension><reference><reference value="CodeSystem/paying-entity-moh"/></reference><name value="Payer (Paying Entity / גורם משלם)"/><description value="Codes for different paying entities in Israel; including HMOs, IDF, MoD, PLA, Prison system"/><exampleBoolean value="false"/><groupingId value="-term-codesystem"/></resource><resource><extension url="http://hl7.org/fhir/StructureDefinition/implementationguide-page"><valueUri value="CodeSystem-practitioner-certificate-type-moh.html"/></extension><reference><reference value="CodeSystem/practitioner-certificate-type-moh"/></reference><name value="MoH Certificate Types"/><description value="A list of codes for certificate types according to Israeli MoH"/><exampleBoolean value="false"/><groupingId value="-term-codesystem"/></resource><resource><extension url="http://hl7.org/fhir/StructureDefinition/implementationguide-page"><valueUri value="CodeSystem-practitioner-education-moh.html"/></extension><reference><reference value="CodeSystem/practitioner-education-moh"/></reference><name value="Ministry of Health practitioner-education codes"/><description value="Codes for practitioner-education according to Israeli MoH"/><exampleBoolean value="false"/><groupingId value="-term-codesystem"/></resource><resource><extension url="http://hl7.org/fhir/StructureDefinition/implementationguide-page"><valueUri value="CodeSystem-practitioner-education-type-moh.html"/></extension><reference><reference value="CodeSystem/practitioner-education-type-moh"/></reference><name value="Ministry of Health practitioner-education-type codes"/><description value="Codes for practitioner-education-types according to Israeli MoH"/><exampleBoolean value="false"/><groupingId value="-term-codesystem"/></resource><resource><extension url="http://hl7.org/fhir/StructureDefinition/implementationguide-page"><valueUri value="CodeSystem-practitioner-expertise-moh.html"/></extension><reference><reference value="CodeSystem/practitioner-expertise-moh"/></reference><name value="קוד מומחיות לעוסק בבריאות"/><description value="קוד מומחיות לעוסק בבריאות לפי רישוי משרד הבריאות"/><exampleBoolean value="false"/><groupingId value="-term-codesystem"/></resource><resource><extension url="http://hl7.org/fhir/StructureDefinition/implementationguide-page"><valueUri value="CodeSystem-practitioner-profession-moh.html"/></extension><reference><reference value="CodeSystem/practitioner-profession-moh"/></reference><name value="קוד מקצוע לעוסק בבריאות"/><description value="קוד מקצוע לעוסק בבריאות לפי רישוי משרד הבריאות"/><exampleBoolean value="false"/><groupingId value="-term-codesystem"/></resource><resource><extension url="http://hl7.org/fhir/StructureDefinition/implementationguide-page"><valueUri value="CodeSystem-yarpa-medication-code.html"/></extension><reference><reference value="CodeSystem/yarpa-medication-code"/></reference><name value="Yarpa Medication Codes"/><description value="Codes for medications according to 'Yarpa' catalogue"/><exampleBoolean value="false"/><groupingId value="-term-codesystem"/></resource><resource><extension url="http://hl7.org/fhir/StructureDefinition/implementationguide-page"><valueUri value="Practitioner-anesthesiologist-with-expertise.html"/></extension><reference><reference value="Practitioner/anesthesiologist-with-expertise"/></reference><name value="anesthesiologist-with-expertise"/><exampleCanonical value="http://fhir.health.gov.il/StructureDefinition/il-core-practitioner"/><groupingId value="-ex-example"/></resource><resource><extension url="http://hl7.org/fhir/StructureDefinition/implementationguide-page"><valueUri value="NamingSystem-cbs-statistical-area.html"/></extension><reference><reference value="NamingSystem/cbs-statistical-area"/></reference><name value="cbs-statistical-area"/><description value="A number representing the city symbol (4-digits) + statistical area (3 digits) in settelment. 7 digits long. Full CBS number conatins two parts: City symbol + statistical number. E.g.: Jerusalem (3000) 113 area produces -&gt; 3000113"/><exampleBoolean value="false"/><groupingId value="-term-namingsystem"/></resource><resource><extension url="http://hl7.org/fhir/StructureDefinition/implementationguide-page"><valueUri value="NamingSystem-city-symbol.html"/></extension><reference><reference value="NamingSystem/city-symbol"/></reference><name value="city-symbol"/><description value="Codes for cities in Israel"/><exampleBoolean value="false"/><groupingId value="-term-namingsystem"/></resource><resource><extension url="http://hl7.org/fhir/StructureDefinition/implementationguide-page"><valueUri value="Condition-condition-burnt-ear.html"/></extension><reference><reference value="Condition/condition-burnt-ear"/></reference><name value="condition-burnt-ear"/><exampleCanonical value="http://fhir.health.gov.il/StructureDefinition/il-core-condition"/><groupingId value="-ex-example"/></resource><resource><extension url="http://hl7.org/fhir/StructureDefinition/implementationguide-page"><valueUri value="NamingSystem-il-national-id.html"/></extension><reference><reference value="NamingSystem/il-national-id"/></reference><name value="il-national-id"/><description value="Israeli Identifier number issued for all citizens and permanent residents. A nine-digit number including a check-digit"/><exampleBoolean value="false"/><groupingId value="-term-namingsystem"/></resource><resource><extension url="http://hl7.org/fhir/StructureDefinition/implementationguide-page"><valueUri value="NamingSystem-institution-type-moh.html"/></extension><reference><reference value="NamingSystem/institution-type-moh"/></reference><name value="institution-type-moh"/><description value="סוג מוסד לפי רישוי משרד הבריאות"/><exampleBoolean value="false"/><groupingId value="-term-namingsystem"/></resource><resource><extension url="http://hl7.org/fhir/StructureDefinition/implementationguide-page"><valueUri value="NamingSystem-legal-entity.html"/></extension><reference><reference value="NamingSystem/legal-entity"/></reference><name value="legal-entity"/><description value="Israeli legal entity number"/><exampleBoolean value="false"/><groupingId value="-term-namingsystem"/></resource><resource><extension url="http://hl7.org/fhir/StructureDefinition/implementationguide-page"><valueUri value="Location-location-hospital-unit.html"/></extension><reference><reference value="Location/location-hospital-unit"/></reference><name value="location-hospital-unit"/><exampleCanonical value="http://fhir.health.gov.il/StructureDefinition/il-core-location"/><groupingId value="-ex-example"/></resource><resource><extension url="http://hl7.org/fhir/StructureDefinition/implementationguide-page"><valueUri value="Location-location-hospital-unit-with-kind.html"/></extension><reference><reference value="Location/location-hospital-unit-with-kind"/></reference><name value="location-hospital-unit-with-kind"/><exampleBoolean value="true"/><groupingId value="-ex-example"/></resource><resource><extension url="http://hl7.org/fhir/StructureDefinition/implementationguide-page"><valueUri value="NamingSystem-medical-service-moh.html"/></extension><reference><reference value="NamingSystem/medical-service-moh"/></reference><name value="medical-service-moh"/><description value="מזהה מוסד לפי רישוי משרד הבריאות"/><exampleBoolean value="false"/><groupingId value="-term-namingsystem"/></resource><resource><extension url="http://hl7.org/fhir/StructureDefinition/implementationguide-page"><valueUri value="Organization-organization-ministry-of-health.html"/></extension><reference><reference value="Organization/organization-ministry-of-health"/></reference><name value="organization-ministry-of-health"/><exampleCanonical value="http://fhir.health.gov.il/StructureDefinition/il-core-organization"/><groupingId value="-ex-example"/></resource><resource><extension url="http://hl7.org/fhir/StructureDefinition/implementationguide-page"><valueUri value="Organization-organization-school-moe.html"/></extension><reference><reference value="Organization/organization-school-moe"/></reference><name value="organization-school-moe"/><exampleCanonical value="http://fhir.health.gov.il/StructureDefinition/il-core-organization"/><groupingId value="-ex-example"/></resource><resource><extension url="http://hl7.org/fhir/StructureDefinition/implementationguide-page"><valueUri value="NamingSystem-passport-uri.html"/></extension><reference><reference value="NamingSystem/passport-uri"/></reference><name value="passport-uri"/><description value="A country specific URI for passport numbers"/><exampleBoolean value="false"/><groupingId value="-term-namingsystem"/></resource><resource><extension url="http://hl7.org/fhir/StructureDefinition/implementationguide-page"><valueUri value="Patient-patient-immigrant.html"/></extension><reference><reference value="Patient/patient-immigrant"/></reference><name value="patient-immigrant"/><exampleCanonical value="http://fhir.health.gov.il/StructureDefinition/il-core-patient"/><groupingId value="-ex-example"/></resource><resource><extension url="http://hl7.org/fhir/StructureDefinition/implementationguide-page"><valueUri value="Patient-patient-israeli-with-statistical-area.html"/></extension><reference><reference value="Patient/patient-israeli-with-statistical-area"/></reference><name value="patient-israeli-with-statistical-area"/><exampleCanonical value="http://fhir.health.gov.il/StructureDefinition/il-core-patient"/><groupingId value="-ex-example"/></resource><resource><extension url="http://hl7.org/fhir/StructureDefinition/implementationguide-page"><valueUri value="Patient-patient-israeli-with-two-identifiers.html"/></extension><reference><reference value="Patient/patient-israeli-with-two-identifiers"/></reference><name value="patient-israeli-with-two-identifiers"/><exampleCanonical value="http://fhir.health.gov.il/StructureDefinition/il-core-patient"/><groupingId value="-ex-example"/></resource><resource><extension url="http://hl7.org/fhir/StructureDefinition/implementationguide-page"><valueUri value="Patient-patient-with-israeli-id.html"/></extension><reference><reference value="Patient/patient-with-israeli-id"/></reference><name value="patient-with-israeli-id"/><exampleCanonical value="http://fhir.health.gov.il/StructureDefinition/il-core-patient"/><groupingId value="-ex-example"/></resource><resource><extension url="http://hl7.org/fhir/StructureDefinition/implementationguide-page"><valueUri value="Patient-patient-with-multiple-birth.html"/></extension><reference><reference value="Patient/patient-with-multiple-birth"/></reference><name value="patient-with-multiple-birth"/><exampleCanonical value="http://fhir.health.gov.il/StructureDefinition/il-core-patient"/><groupingId value="-ex-example"/></resource><resource><extension url="http://hl7.org/fhir/StructureDefinition/implementationguide-page"><valueUri value="Patient-patient-with-palestinian-id.html"/></extension><reference><reference value="Patient/patient-with-palestinian-id"/></reference><name value="patient-with-palestinian-id"/><exampleCanonical value="http://fhir.health.gov.il/StructureDefinition/il-core-patient"/><groupingId value="-ex-example"/></resource><resource><extension url="http://hl7.org/fhir/StructureDefinition/implementationguide-page"><valueUri value="Patient-patient-with-passport-identification.html"/></extension><reference><reference value="Patient/patient-with-passport-identification"/></reference><name value="patient-with-passport-identification"/><exampleCanonical value="http://fhir.health.gov.il/StructureDefinition/il-core-patient"/><groupingId value="-ex-example"/></resource><resource><extension url="http://hl7.org/fhir/StructureDefinition/implementationguide-page"><valueUri value="NamingSystem-paying-entity-moh.html"/></extension><reference><reference value="NamingSystem/paying-entity-moh"/></reference><name value="paying-entity-moh"/><description value="Codes for different paying entities in Israel; including HMOs, IDF, MoD, PLA, Prison system"/><exampleBoolean value="false"/><groupingId value="-term-namingsystem"/></resource><resource><extension url="http://hl7.org/fhir/StructureDefinition/implementationguide-page"><valueUri value="NamingSystem-pna-national-id.html"/></extension><reference><reference value="NamingSystem/pna-national-id"/></reference><name value="pna-national-id"/><description value="Palestinian Identifier number. A nine-digit number"/><exampleBoolean value="false"/><groupingId value="-term-namingsystem"/></resource><resource><extension url="http://hl7.org/fhir/StructureDefinition/implementationguide-page"><valueUri value="NamingSystem-practitioner-expertise-moh.html"/></extension><reference><reference value="NamingSystem/practitioner-expertise-moh"/></reference><name value="practitioner-expertise-moh"/><description value="קוד מומחיות לעוסק בבריאות לפי רישוי משרד הבריאות"/><exampleBoolean value="false"/><groupingId value="-term-namingsystem"/></resource><resource><extension url="http://hl7.org/fhir/StructureDefinition/implementationguide-page"><valueUri value="Practitioner-practitioner-md.html"/></extension><reference><reference value="Practitioner/practitioner-md"/></reference><name value="practitioner-md"/><exampleCanonical value="http://fhir.health.gov.il/StructureDefinition/il-core-practitioner"/><groupingId value="-ex-example"/></resource><resource><extension url="http://hl7.org/fhir/StructureDefinition/implementationguide-page"><valueUri value="Practitioner-practitioner-nurse.html"/></extension><reference><reference value="Practitioner/practitioner-nurse"/></reference><name value="practitioner-nurse"/><exampleCanonical value="http://fhir.health.gov.il/StructureDefinition/il-core-practitioner"/><groupingId value="-ex-example"/></resource><resource><extension url="http://hl7.org/fhir/StructureDefinition/implementationguide-page"><valueUri value="NamingSystem-practitioner-profession-moh.html"/></extension><reference><reference value="NamingSystem/practitioner-profession-moh"/></reference><name value="practitioner-profession-moh"/><description value="קוד מקצוע לעוסק בבריאות לפי רישוי משרד הבריאות"/><exampleBoolean value="false"/><groupingId value="-term-namingsystem"/></resource><resource><extension url="http://hl7.org/fhir/StructureDefinition/implementationguide-page"><valueUri value="Practitioner-practitioner-psychologist.html"/></extension><reference><reference value="Practitioner/practitioner-psychologist"/></reference><name value="practitioner-psychologist"/><exampleCanonical value="http://fhir.health.gov.il/StructureDefinition/il-core-practitioner"/><groupingId value="-ex-example"/></resource><resource><extension url="http://hl7.org/fhir/StructureDefinition/implementationguide-page"><valueUri value="PractitionerRole-practitionerRole-gp.html"/></extension><reference><reference value="PractitionerRole/practitionerRole-gp"/></reference><name value="practitionerRole-gp"/><exampleCanonical value="http://fhir.health.gov.il/StructureDefinition/il-core-practitioner-role"/><groupingId value="-ex-example"/></resource><resource><extension url="http://hl7.org/fhir/StructureDefinition/implementationguide-page"><valueUri value="Patient-test-myPatient.html"/></extension><reference><reference value="Patient/test-myPatient"/></reference><name value="test-myPatient"/><exampleCanonical value="http://fhir.health.gov.il/StructureDefinition/my-patient"/><groupingId value="-ex-example"/></resource><page><nameUrl value="toc.html"/><title value="Table of Contents"/><generation value="html"/><page><nameUrl value="artifacts.html"/><title value="Artifacts Summary"/><generation value="html"/><page><nameUrl value="StructureDefinition-il-core-allergy-intolerance.html"/><title value="ILCore AllergyIntolerance Profile"/><generation value="generated"/></page><page><nameUrl value="StructureDefinition-il-core-claim.html"/><title value="ILCore Claim Profile"/><generation value="generated"/></page><page><nameUrl value="StructureDefinition-il-core-condition.html"/><title value="ILCore Condition Profile"/><generation value="generated"/></page><page><nameUrl value="StructureDefinition-il-core-coverage-eligibility-request.html"/><title value="ILCore CoverageEligibilityRequest Profile"/><generation value="generated"/></page><page><nameUrl value="StructureDefinition-il-core-coverage-eligibility-response.html"/><title value="ILCore CoverageEligibilityResponse Profile"/><generation value="generated"/></page><page><nameUrl value="StructureDefinition-il-core-device.html"/><title value="ILCore Device Profile"/><generation value="generated"/></page><page><nameUrl value="StructureDefinition-il-core-device-definition.html"/><title value="ILCore DeviceDefinition Profile"/><generation value="generated"/></page><page><nameUrl value="StructureDefinition-il-core-diagnostic-report.html"/><title value="ILCore DiagnosticReport Profile"/><generation value="generated"/></page><page><nameUrl value="StructureDefinition-il-core-encounter.html"/><title value="ILCore Encounter Profile"/><generation value="generated"/></page><page><nameUrl value="StructureDefinition-il-core-family-member-history.html"/><title value="ILCore FamilyMemberHistory Profile"/><generation value="generated"/></page><page><nameUrl value="StructureDefinition-il-core-group.html"/><title value="ILCore Group Profile"/><generation value="generated"/></page><page><nameUrl value="StructureDefinition-il-core-imaging-study.html"/><title value="ILCore ImagingStudy Profile"/><generation value="generated"/></page><page><nameUrl value="StructureDefinition-il-core-location.html"/><title value="ILCore Location Profile"/><generation value="generated"/></page><page><nameUrl value="StructureDefinition-il-core-media.html"/><title value="ILCore Media Profile"/><generation value="generated"/></page><page><nameUrl value="StructureDefinition-il-core-medication.html"/><title value="ILCore Medication Profile"/><generation value="generated"/></page><page><nameUrl value="StructureDefinition-il-core-medication-request.html"/><title value="ILCore MedicationRequest Profile"/><generation value="generated"/></page><page><nameUrl value="StructureDefinition-il-core-observation.html"/><title value="ILCore Observation Profile"/><generation value="generated"/></page><page><nameUrl value="StructureDefinition-il-core-organization.html"/><title value="ILCore Organization Profile"/><generation value="generated"/></page><page><nameUrl value="StructureDefinition-il-core-patient.html"/><title value="ILCore Patient Profile"/><generation value="generated"/></page><page><nameUrl value="StructureDefinition-il-core-practitioner.html"/><title value="ILCore Practitioner Profile"/><generation value="generated"/></page><page><nameUrl value="StructureDefinition-il-core-practitioner-role.html"/><title value="ILCore PractitionerRole Profile"/><generation value="generated"/></page><page><nameUrl value="StructureDefinition-il-core-procedure.html"/><title value="ILCore Procedure Profile"/><generation value="generated"/></page><page><nameUrl value="StructureDefinition-il-core-questionnaire-response.html"/><title value="ILCore QuestionnaireResponse Profile"/><generation value="generated"/></page><page><nameUrl value="StructureDefinition-il-core-related-person.html"/><title value="ILCore RelatedPerson Profile"/><generation value="generated"/></page><page><nameUrl value="StructureDefinition-il-core-service-request.html"/><title value="ILCore ServiceRequest Profile"/><generation value="generated"/></page><page><nameUrl value="StructureDefinition-il-core-specimen.html"/><title value="ILCore Specimen Profile"/><generation value="generated"/></page><page><nameUrl value="StructureDefinition-MyPatient.html"/><title value="MyPatient"/><generation value="generated"/></page><page><nameUrl value="StructureDefinition-il-core-address.html"/><title value="ILCore Address Profile"/><generation value="generated"/></page><page><nameUrl value="StructureDefinition-ext-city-code.html"/><title value="City Code"/><generation value="generated"/></page><page><nameUrl value="StructureDefinition-ext-il-hmo.html"/><title value="Israel Health Management Organization (קופת חולים)"/><generation value="generated"/></page><page><nameUrl value="StructureDefinition-ext-parent-name.html"/><title value="Name of parent"/><generation value="generated"/></page><page><nameUrl value="StructureDefinition-ext-patient-immigration.html"/><title value="Patient Immigration"/><generation value="generated"/></page><page><nameUrl value="StructureDefinition-ext-qualification-practice.html"/><title value="Qualification Practice"/><generation value="generated"/></page><page><nameUrl value="StructureDefinition-ext-statistical-area.html"/><title value="Statistical Area"/><generation value="generated"/></page><page><nameUrl value="ValueSet-city-symbol.html"/><title value="City Symbol (סמל ישוב)"/><generation value="generated"/></page><page><nameUrl value="ValueSet-il-core-condition-category.html"/><title value="IL Core Condition Category Codes"/><generation value="generated"/></page><page><nameUrl value="ValueSet-il-core-condition-code.html"/><title value="IL Core Condition Codes"/><generation value="generated"/></page><page><nameUrl value="ValueSet-vs-patient-relationship-type.html"/><title value="IL Core Patient Relationship Type codes"/><generation value="generated"/></page><page><nameUrl value="ValueSet-institution-type-moh.html"/><title value="סוג מוסד לפי רישוי משרד הבריאות"/><generation value="generated"/></page><page><nameUrl value="ValueSet-israel-hmo.html"/><title value="Israeli Health Management Organization (קופת חולים)"/><generation value="generated"/></page><page><nameUrl value="ValueSet-medical-service-code.html"/><title value="קוד מוצר או שירות"/><generation value="generated"/></page><page><nameUrl value="ValueSet-medical-service-moh.html"/><title value="קוד מוצר או שירות"/><generation value="generated"/></page><page><nameUrl value="ValueSet-passport-uri.html"/><title value="Passport URIs"/><generation value="generated"/></page><page><nameUrl value="ValueSet-practitioner-certificate-type-moh.html"/><title value="MoH Certificate Types"/><generation value="generated"/></page><page><nameUrl value="ValueSet-practitioner-expertise-moh.html"/><title value="קוד מומחיות לעוסק בבריאות"/><generation value="generated"/></page><page><nameUrl value="ValueSet-practitioner-profession-moh.html"/><title value="קוד מקצוע לעוסק בבריאות"/><generation value="generated"/></page><page><nameUrl value="ValueSet-statistical-area-uri.html"/><title value="Israeli statistical area (אג&quot;ס) URI"/><generation value="generated"/></page><page><nameUrl value="ValueSet-yarpa-medication-code.html"/><title value="Yarpa Medication Code"/><generation value="generated"/></page><page><nameUrl value="CodeSystem-city-symbol.html"/><title value="City Symbol (סמל ישוב)"/><generation value="generated"/></page><page><nameUrl value="CodeSystem-institution-type-moh.html"/><title value="סוג מוסד לפי רישוי משרד הבריאות"/><generation value="generated"/></page><page><nameUrl value="CodeSystem-medical-service-moh.html"/><title value="קוד מוצר או שירות על פי משרד הבריאות"/><generation value="generated"/></page><page><nameUrl value="CodeSystem-passport-uri.html"/><title value="Country Code URIs"/><generation value="generated"/></page><page><nameUrl value="CodeSystem-paying-entity-moh.html"/><title value="Payer (Paying Entity / גורם משלם)"/><generation value="generated"/></page><page><nameUrl value="CodeSystem-practitioner-certificate-type-moh.html"/><title value="MoH Certificate Types"/><generation value="generated"/></page><page><nameUrl value="CodeSystem-practitioner-education-moh.html"/><title value="Ministry of Health practitioner-education codes"/><generation value="generated"/></page><page><nameUrl value="CodeSystem-practitioner-education-type-moh.html"/><title value="Ministry of Health practitioner-education-type codes"/><generation value="generated"/></page><page><nameUrl value="CodeSystem-practitioner-expertise-moh.html"/><title value="קוד מומחיות לעוסק בבריאות"/><generation value="generated"/></page><page><nameUrl value="CodeSystem-practitioner-profession-moh.html"/><title value="קוד מקצוע לעוסק בבריאות"/><generation value="generated"/></page><page><nameUrl value="CodeSystem-yarpa-medication-code.html"/><title value="Yarpa Medication Codes"/><generation value="generated"/></page><page><nameUrl value="NamingSystem-cbs-statistical-area.html"/><title value="cbs-statistical-area"/><generation value="generated"/></page><page><nameUrl value="NamingSystem-city-symbol.html"/><title value="city-symbol"/><generation value="generated"/></page><page><nameUrl value="NamingSystem-il-national-id.html"/><title value="il-national-id"/><generation value="generated"/></page><page><nameUrl value="NamingSystem-institution-type-moh.html"/><title value="institution-type-moh"/><generation value="generated"/></page><page><nameUrl value="NamingSystem-legal-entity.html"/><title value="legal-entity"/><generation value="generated"/></page><page><nameUrl value="NamingSystem-medical-service-moh.html"/><title value="medical-service-moh"/><generation value="generated"/></page><page><nameUrl value="NamingSystem-passport-uri.html"/><title value="passport-uri"/><generation value="generated"/></page><page><nameUrl value="NamingSystem-paying-entity-moh.html"/><title value="paying-entity-moh"/><generation value="generated"/></page><page><nameUrl value="NamingSystem-pna-national-id.html"/><title value="pna-national-id"/><generation value="generated"/></page><page><nameUrl value="NamingSystem-practitioner-expertise-moh.html"/><title value="practitioner-expertise-moh"/><generation value="generated"/></page><page><nameUrl value="NamingSystem-practitioner-profession-moh.html"/><title value="practitioner-profession-moh"/><generation value="generated"/></page><page><nameUrl value="Practitioner-anesthesiologist-with-expertise.html"/><title value="anesthesiologist-with-expertise"/><generation value="generated"/></page><page><nameUrl value="Condition-condition-burnt-ear.html"/><title value="condition-burnt-ear"/><generation value="generated"/></page><page><nameUrl value="Location-location-hospital-unit.html"/><title value="location-hospital-unit"/><generation value="generated"/></page><page><nameUrl value="Location-location-hospital-unit-with-kind.html"/><title value="location-hospital-unit-with-kind"/><generation value="generated"/></page><page><nameUrl value="Organization-organization-ministry-of-health.html"/><title value="organization-ministry-of-health"/><generation value="generated"/></page><page><nameUrl value="Organization-organization-school-moe.html"/><title value="organization-school-moe"/><generation value="generated"/></page><page><nameUrl value="Patient-patient-immigrant.html"/><title value="patient-immigrant"/><generation value="generated"/></page><page><nameUrl value="Patient-patient-israeli-with-statistical-area.html"/><title value="patient-israeli-with-statistical-area"/><generation value="generated"/></page><page><nameUrl value="Patient-patient-israeli-with-two-identifiers.html"/><title value="patient-israeli-with-two-identifiers"/><generation value="generated"/></page><page><nameUrl value="Patient-patient-with-israeli-id.html"/><title value="patient-with-israeli-id"/><generation value="generated"/></page><page><nameUrl value="Patient-patient-with-multiple-birth.html"/><title value="patient-with-multiple-birth"/><generation value="generated"/></page><page><nameUrl value="Patient-patient-with-palestinian-id.html"/><title value="patient-with-palestinian-id"/><generation value="generated"/></page><page><nameUrl value="Patient-patient-with-passport-identification.html"/><title value="patient-with-passport-identification"/><generation value="generated"/></page><page><nameUrl value="Practitioner-practitioner-md.html"/><title value="practitioner-md"/><generation value="generated"/></page><page><nameUrl value="Practitioner-practitioner-nurse.html"/><title value="practitioner-nurse"/><generation value="generated"/></page><page><nameUrl value="Practitioner-practitioner-psychologist.html"/><title value="practitioner-psychologist"/><generation value="generated"/></page><page><nameUrl value="PractitionerRole-practitionerRole-gp.html"/><title value="practitionerRole-gp"/><generation value="generated"/></page><page><nameUrl value="Patient-test-myPatient.html"/><title value="test-myPatient"/><generation value="generated"/></page></page></page><parameter><code value="path-resource"/><value value="input/capabilities"/></parameter><parameter><code value="path-resource"/><value value="input/examples"/></parameter><parameter><code value="path-resource"/><value value="input/extensions"/></parameter><parameter><code value="path-resource"/><value value="input/models"/></parameter><parameter><code value="path-resource"/><value value="input/operations"/></parameter><parameter><code value="path-resource"/><value value="input/profiles"/></parameter><parameter><code value="path-resource"/><value value="input/resources"/></parameter><parameter><code value="path-resource"/><value value="input/vocabulary"/></parameter><parameter><code value="path-resource"/><value value="input/maps"/></parameter><parameter><code value="path-resource"/><value value="input/testing"/></parameter><parameter><code value="path-resource"/><value value="input/history"/></parameter><parameter><code value="path-resource"/><value value="fsh-generated/resources"/></parameter><parameter><code value="path-pages"/><value value="template/config"/></parameter><parameter><code value="path-pages"/><value value="input/images"/></parameter><parameter><code value="path-tx-cache"/><value value="input-cache/txcache"/></parameter></definition></ImplementationGuide>