<?xml version="1.0" encoding="UTF-8"?><ValueSet xmlns="http://hl7.org/fhir"><id value="practitioner-certificate-type-moh"/><text><status value="generated"/><div xmlns="http://www.w3.org/1999/xhtml"><ul><li>Include all codes defined in <a href="CodeSystem-practitioner-certificate-type-moh.html"><code>http://fhir.health.gov.il/cs/practitioner-certificate-type-moh</code></a></li></ul></div></text><url value="http://fhir.health.gov.il/ValueSet/practitioner-certificate-type-moh"/><version value="4.1.0"/><name value="PractitionerCertificateTypeMoH"/><title value="MoH Certificate Types"/><status value="draft"/><date value="2022-04-25T22:05:39+03:00"/><contact><name value="Kippi Bordowitz"/><telecom><system value="email"/><value value="amos@outburn.co.il"/></telecom></contact><description value="A list of codes for certificate types according to Israeli MoH"/><compose><include><system value="http://fhir.health.gov.il/cs/practitioner-certificate-type-moh"/></include></compose></ValueSet>