<?xml version="1.0" encoding="UTF-8"?><ValueSet xmlns="http://hl7.org/fhir"><id value="il-core-condition-code"/><text><status value="generated"/><div xmlns="http://www.w3.org/1999/xhtml"><p>This value set includes codes based on the following rules:</p><ul><li>Include codes from <a href="http://www.snomed.org/"><code>http://snomed.info/sct</code></a> where concept  descends from  404684003 (Clinical finding (finding))</li><li>Include codes from <a href="http://www.snomed.org/"><code>http://snomed.info/sct</code></a> where concept  descends from  243796009 (Context-dependent categories)</li><li>Include codes from <a href="http://www.snomed.org/"><code>http://snomed.info/sct</code></a> where concept  descends from  272379006 (Events)</li><li>Include all codes defined in <a href="http://terminology.hl7.org/3.1.0/CodeSystem-icd10.html"><code>http://hl7.org/fhir/sid/icd-10</code></a></li><li>Include all codes defined in <a href="http://terminology.hl7.org/3.1.0/CodeSystem-icd10CM.html"><code>http://hl7.org/fhir/sid/icd-10-cm</code></a></li><li>Include all codes defined in <code>http://hl7.org/fhir/sid/icd-9-cm</code></li><li>Include all codes defined in <a href="http://terminology.hl7.org/3.1.0/CodeSystem-icd-o-3.html"><code>http://terminology.hl7.org/CodeSystem/icd-o-3</code></a></li><li>Include these codes as defined in <a href="http://www.snomed.org/"><code>http://snomed.info/sct</code></a><table class="none"><tr><td style="white-space:nowrap"><b>Code</b></td><td><b>Display</b></td></tr><tr><td><a href="http://snomed.info/id/160245001">160245001</a></td><td>No current problems or disability</td></tr></table></li></ul></div></text><url value="http://fhir.health.gov.il/ValueSet/il-core-condition-code"/><version value="4.1.0"/><name value="ILCoreConditionCode"/><title value="IL Core Condition Codes"/><status value="draft"/><date value="2022-04-25T22:05:39+03:00"/><contact><name value="Kippi Bordowitz"/><telecom><system value="email"/><value value="amos@outburn.co.il"/></telecom></contact><description value="A list of codes for conditions for the IL Core"/><compose><include><system value="http://snomed.info/sct"/><filter><property value="concept"/><op value="descendent-of"/><value value="404684003"/></filter></include><include><system value="http://snomed.info/sct"/><filter><property value="concept"/><op value="descendent-of"/><value value="243796009"/></filter></include><include><system value="http://snomed.info/sct"/><filter><property value="concept"/><op value="descendent-of"/><value value="272379006"/></filter></include><include><system value="http://hl7.org/fhir/sid/icd-10"/></include><include><system value="http://hl7.org/fhir/sid/icd-10-cm"/></include><include><system value="http://hl7.org/fhir/sid/icd-9-cm"/></include><include><system value="http://terminology.hl7.org/CodeSystem/icd-o-3"/></include><include><system value="http://snomed.info/sct"/><concept><code value="160245001"/><display value="No current problems or disability"/></concept></include></compose></ValueSet>