<?xml version="1.0" encoding="UTF-8"?><ValueSet xmlns="http://hl7.org/fhir"><id value="city-symbol"/><language value="he-IL"/><text><status value="generated"/><div xmlns="http://www.w3.org/1999/xhtml" xml:lang="he-IL" lang="he-IL"><ul><li>Include all codes defined in <a href="CodeSystem-city-symbol.html"><code>http://fhir.health.gov.il/cs/city-symbol</code></a></li></ul></div></text><url value="http://fhir.health.gov.il/ValueSet/city-symbol"/><version value="4.1.0"/><name value="CitySymbol"/><title value="City Symbol (סמל ישוב)"/><status value="draft"/><date value="2022-04-25T22:05:39+03:00"/><contact><name value="Kippi Bordowitz"/><telecom><system value="email"/><value value="amos@outburn.co.il"/></telecom></contact><description value="City classification according to the Israeli Postal Company city-symbol coding system"/><compose><include><system value="http://fhir.health.gov.il/cs/city-symbol"/></include></compose></ValueSet>