<?xml version="1.0" encoding="UTF-8"?><ValueSet xmlns="http://hl7.org/fhir"><id value="medical-service-moh"/><language value="he-IL"/><text><status value="generated"/><div xmlns="http://www.w3.org/1999/xhtml" xml:lang="he-IL" lang="he-IL"><ul><li>Include all codes defined in <a href="CodeSystem-medical-service-moh.html"><code>http://fhir.health.gov.il/cs/medical-service-moh</code></a></li></ul></div></text><url value="http://fhir.health.gov.il/ValueSet/medical-service-moh"/><version value="4.1.0"/><name value="MedicalServiceMoH"/><title value="קוד מוצר או שירות"/><status value="draft"/><date value="2022-04-25T22:05:39+03:00"/><contact><name value="Kippi Bordowitz"/><telecom><system value="email"/><value value="amos@outburn.co.il"/></telecom></contact><description value="קוד שירותים רפואיים , כולל שירותים באשפוז, שירותים אמבולטוריים, רפואת שיניים ובריאות הנפש"/><compose><include><system value="http://fhir.health.gov.il/cs/medical-service-moh"/></include></compose></ValueSet>