{
  "resourceType": "ImplementationGuide",
  "id": "ILCore",
  "text": {
    "status": "extensions",
    "div": "<div xmlns=\"http://www.w3.org/1999/xhtml\"><h2>ILCoreImplementationGuide</h2><p>The official URL for this implementation guide is: </p><pre>http://fhir.health.gov.il/ImplementationGuide/attempt1/ImplementationGuide/ILCore</pre><div><p>Implementation guide for Israel Core FHIR</p>\n</div></div>"
  },
  "url": "http://fhir.health.gov.il/ImplementationGuide/attempt1/ImplementationGuide/ILCore",
  "version": "4.1.0",
  "name": "ILCoreImplementationGuide",
  "title": "IL Core Implementation Guide",
  "status": "draft",
  "date": "2022-04-25T22:05:39+03:00",
  "contact": [
    {
      "name": "Kippi Bordowitz",
      "telecom": [
        {
          "system": "email",
          "value": "amos@outburn.co.il"
        }
      ]
    }
  ],
  "description": "Implementation guide for Israel Core FHIR",
  "packageId": "ILCore",
  "license": "CC0-1.0",
  "fhirVersion": [
    "4.0.1"
  ],
  "dependsOn": [
    {
      "id": "hl7_fhir_us_core",
      "uri": "http://hl7.org/fhir/us/core/ImplementationGuide/ig",
      "packageId": "hl7.fhir.us.core",
      "version": "4.1.0"
    }
  ],
  "definition": {
    "extension": [
      {
        "extension": [
          {
            "url": "code",
            "valueString": "copyrightyear"
          },
          {
            "url": "value",
            "valueString": "2020+"
          }
        ],
        "url": "http://hl7.org/fhir/tools/StructureDefinition/ig-parameter"
      },
      {
        "extension": [
          {
            "url": "code",
            "valueString": "releaselabel"
          },
          {
            "url": "value",
            "valueString": "ci-build"
          }
        ],
        "url": "http://hl7.org/fhir/tools/StructureDefinition/ig-parameter"
      },
      {
        "extension": [
          {
            "url": "code",
            "valueString": "apply-publisher"
          },
          {
            "url": "value",
            "valueString": "true"
          }
        ],
        "url": "http://hl7.org/fhir/tools/StructureDefinition/ig-parameter"
      },
      {
        "extension": [
          {
            "url": "code",
            "valueString": "apply-contact"
          },
          {
            "url": "value",
            "valueString": "true"
          }
        ],
        "url": "http://hl7.org/fhir/tools/StructureDefinition/ig-parameter"
      },
      {
        "extension": [
          {
            "url": "code",
            "valueString": "show-inherited-invariants"
          },
          {
            "url": "value",
            "valueString": "false"
          }
        ],
        "url": "http://hl7.org/fhir/tools/StructureDefinition/ig-parameter"
      },
      {
        "extension": [
          {
            "url": "code",
            "valueString": "autoload-resources"
          },
          {
            "url": "value",
            "valueString": "true"
          }
        ],
        "url": "http://hl7.org/fhir/tools/StructureDefinition/ig-parameter"
      },
      {
        "extension": [
          {
            "url": "code",
            "valueString": "path-liquid"
          },
          {
            "url": "value",
            "valueString": "template/liquid"
          }
        ],
        "url": "http://hl7.org/fhir/tools/StructureDefinition/ig-parameter"
      },
      {
        "extension": [
          {
            "url": "code",
            "valueString": "path-liquid"
          },
          {
            "url": "value",
            "valueString": "input/liquid"
          }
        ],
        "url": "http://hl7.org/fhir/tools/StructureDefinition/ig-parameter"
      },
      {
        "extension": [
          {
            "url": "code",
            "valueString": "path-qa"
          },
          {
            "url": "value",
            "valueString": "temp/qa"
          }
        ],
        "url": "http://hl7.org/fhir/tools/StructureDefinition/ig-parameter"
      },
      {
        "extension": [
          {
            "url": "code",
            "valueString": "path-temp"
          },
          {
            "url": "value",
            "valueString": "temp/pages"
          }
        ],
        "url": "http://hl7.org/fhir/tools/StructureDefinition/ig-parameter"
      },
      {
        "extension": [
          {
            "url": "code",
            "valueString": "path-output"
          },
          {
            "url": "value",
            "valueString": "output"
          }
        ],
        "url": "http://hl7.org/fhir/tools/StructureDefinition/ig-parameter"
      },
      {
        "extension": [
          {
            "url": "code",
            "valueString": "path-suppressed-warnings"
          },
          {
            "url": "value",
            "valueString": "input/ignoreWarnings.txt"
          }
        ],
        "url": "http://hl7.org/fhir/tools/StructureDefinition/ig-parameter"
      },
      {
        "extension": [
          {
            "url": "code",
            "valueString": "path-history"
          },
          {
            "url": "value",
            "valueString": "http://fhir.health.gov.il/history.html"
          }
        ],
        "url": "http://hl7.org/fhir/tools/StructureDefinition/ig-parameter"
      },
      {
        "extension": [
          {
            "url": "code",
            "valueString": "template-html"
          },
          {
            "url": "value",
            "valueString": "template-page.html"
          }
        ],
        "url": "http://hl7.org/fhir/tools/StructureDefinition/ig-parameter"
      },
      {
        "extension": [
          {
            "url": "code",
            "valueString": "template-md"
          },
          {
            "url": "value",
            "valueString": "template-page-md.html"
          }
        ],
        "url": "http://hl7.org/fhir/tools/StructureDefinition/ig-parameter"
      },
      {
        "extension": [
          {
            "url": "code",
            "valueString": "apply-context"
          },
          {
            "url": "value",
            "valueString": "true"
          }
        ],
        "url": "http://hl7.org/fhir/tools/StructureDefinition/ig-parameter"
      },
      {
        "extension": [
          {
            "url": "code",
            "valueString": "apply-copyright"
          },
          {
            "url": "value",
            "valueString": "true"
          }
        ],
        "url": "http://hl7.org/fhir/tools/StructureDefinition/ig-parameter"
      },
      {
        "extension": [
          {
            "url": "code",
            "valueString": "apply-jurisdiction"
          },
          {
            "url": "value",
            "valueString": "true"
          }
        ],
        "url": "http://hl7.org/fhir/tools/StructureDefinition/ig-parameter"
      },
      {
        "extension": [
          {
            "url": "code",
            "valueString": "apply-license"
          },
          {
            "url": "value",
            "valueString": "true"
          }
        ],
        "url": "http://hl7.org/fhir/tools/StructureDefinition/ig-parameter"
      },
      {
        "extension": [
          {
            "url": "code",
            "valueString": "apply-version"
          },
          {
            "url": "value",
            "valueString": "true"
          }
        ],
        "url": "http://hl7.org/fhir/tools/StructureDefinition/ig-parameter"
      },
      {
        "extension": [
          {
            "url": "code",
            "valueString": "active-tables"
          },
          {
            "url": "value",
            "valueString": "true"
          }
        ],
        "url": "http://hl7.org/fhir/tools/StructureDefinition/ig-parameter"
      },
      {
        "extension": [
          {
            "url": "code",
            "valueString": "fmm-definition"
          },
          {
            "url": "value",
            "valueString": "http://hl7.org/fhir/versions.html#maturity"
          }
        ],
        "url": "http://hl7.org/fhir/tools/StructureDefinition/ig-parameter"
      },
      {
        "extension": [
          {
            "url": "code",
            "valueString": "propagate-status"
          },
          {
            "url": "value",
            "valueString": "true"
          }
        ],
        "url": "http://hl7.org/fhir/tools/StructureDefinition/ig-parameter"
      },
      {
        "extension": [
          {
            "url": "code",
            "valueString": "excludelogbinaryformat"
          },
          {
            "url": "value",
            "valueString": "true"
          }
        ],
        "url": "http://hl7.org/fhir/tools/StructureDefinition/ig-parameter"
      }
    ],
    "resource": [
      {
        "extension": [
          {
            "url": "http://hl7.org/fhir/tools/StructureDefinition/resource-information",
            "valueString": "StructureDefinition:complex-type"
          }
        ],
        "reference": {
          "reference": "StructureDefinition/il-core-address"
        },
        "name": "ILCore Address Profile",
        "description": "Adds several Israel-specific extensions, plus geocode to the Address datatype",
        "exampleBoolean": false
      },
      {
        "extension": [
          {
            "url": "http://hl7.org/fhir/tools/StructureDefinition/resource-information",
            "valueString": "StructureDefinition:resource"
          }
        ],
        "reference": {
          "reference": "StructureDefinition/il-core-allergy-intolerance"
        },
        "name": "ILCore AllergyIntolerance Profile",
        "description": "Proposed constraints and extensions on the AllergyIntolerance Resource",
        "exampleBoolean": false
      },
      {
        "extension": [
          {
            "url": "http://hl7.org/fhir/tools/StructureDefinition/resource-information",
            "valueString": "StructureDefinition:resource"
          }
        ],
        "reference": {
          "reference": "StructureDefinition/il-core-claim"
        },
        "name": "ILCore Claim Profile",
        "description": "Proposed constraints and extensions on the Claim Resource",
        "exampleBoolean": false
      },
      {
        "extension": [
          {
            "url": "http://hl7.org/fhir/tools/StructureDefinition/resource-information",
            "valueString": "StructureDefinition:resource"
          }
        ],
        "reference": {
          "reference": "StructureDefinition/il-core-condition"
        },
        "name": "ILCore Condition Profile",
        "description": "Proposed constraints and extensions on the Condition Resource",
        "exampleBoolean": false
      },
      {
        "extension": [
          {
            "url": "http://hl7.org/fhir/tools/StructureDefinition/resource-information",
            "valueString": "StructureDefinition:resource"
          }
        ],
        "reference": {
          "reference": "StructureDefinition/il-core-coverage-eligibility-request"
        },
        "name": "ILCore CoverageEligibilityRequest Profile",
        "description": "Proposed constraints and extensions on the CoverageEligibilityRequest Resource",
        "exampleBoolean": false
      },
      {
        "extension": [
          {
            "url": "http://hl7.org/fhir/tools/StructureDefinition/resource-information",
            "valueString": "StructureDefinition:resource"
          }
        ],
        "reference": {
          "reference": "StructureDefinition/il-core-coverage-eligibility-response"
        },
        "name": "ILCore CoverageEligibilityResponse Profile",
        "description": "Proposed constraints and extensions on the CoverageEligibilityResponse Resource",
        "exampleBoolean": false
      },
      {
        "extension": [
          {
            "url": "http://hl7.org/fhir/tools/StructureDefinition/resource-information",
            "valueString": "StructureDefinition:resource"
          }
        ],
        "reference": {
          "reference": "StructureDefinition/il-core-device"
        },
        "name": "ILCore Device Profile",
        "description": "Proposed constraints and extensions on the Device Resource",
        "exampleBoolean": false
      },
      {
        "extension": [
          {
            "url": "http://hl7.org/fhir/tools/StructureDefinition/resource-information",
            "valueString": "StructureDefinition:resource"
          }
        ],
        "reference": {
          "reference": "StructureDefinition/il-core-device-definition"
        },
        "name": "ILCore DeviceDefinition Profile",
        "description": "Proposed constraints and extensions on the DeviceDefinition Resource",
        "exampleBoolean": false
      },
      {
        "extension": [
          {
            "url": "http://hl7.org/fhir/tools/StructureDefinition/resource-information",
            "valueString": "StructureDefinition:resource"
          }
        ],
        "reference": {
          "reference": "StructureDefinition/il-core-diagnostic-report"
        },
        "name": "ILCore DiagnosticReport Profile",
        "description": "Proposed constraints and extensions on the DiagnosticReport Resource",
        "exampleBoolean": false
      },
      {
        "extension": [
          {
            "url": "http://hl7.org/fhir/tools/StructureDefinition/resource-information",
            "valueString": "StructureDefinition:resource"
          }
        ],
        "reference": {
          "reference": "StructureDefinition/il-core-encounter"
        },
        "name": "ILCore Encounter Profile",
        "description": "Proposed constraints and extensions on the Encounter Resource",
        "exampleBoolean": false
      },
      {
        "extension": [
          {
            "url": "http://hl7.org/fhir/tools/StructureDefinition/resource-information",
            "valueString": "StructureDefinition:resource"
          }
        ],
        "reference": {
          "reference": "StructureDefinition/il-core-family-member-history"
        },
        "name": "ILCore FamilyMemberHistory Profile",
        "description": "Proposed constraints and extensions on theILCoreFamilyMemberHistory Resource",
        "exampleBoolean": false
      },
      {
        "extension": [
          {
            "url": "http://hl7.org/fhir/tools/StructureDefinition/resource-information",
            "valueString": "StructureDefinition:resource"
          }
        ],
        "reference": {
          "reference": "StructureDefinition/il-core-group"
        },
        "name": "ILCore Group Profile",
        "description": "Proposed constraints and extensions on the Group Resource",
        "exampleBoolean": false
      },
      {
        "extension": [
          {
            "url": "http://hl7.org/fhir/tools/StructureDefinition/resource-information",
            "valueString": "StructureDefinition:resource"
          }
        ],
        "reference": {
          "reference": "StructureDefinition/il-core-imaging-study"
        },
        "name": "ILCore ImagingStudy Profile",
        "description": "Proposed constraints and extensions on the ImagingStudy Resource",
        "exampleBoolean": false
      },
      {
        "extension": [
          {
            "url": "http://hl7.org/fhir/tools/StructureDefinition/resource-information",
            "valueString": "StructureDefinition:resource"
          }
        ],
        "reference": {
          "reference": "StructureDefinition/il-core-location"
        },
        "name": "ILCore Location Profile",
        "description": "Proposed constraints and extensions on the Location Resource",
        "exampleBoolean": false
      },
      {
        "extension": [
          {
            "url": "http://hl7.org/fhir/tools/StructureDefinition/resource-information",
            "valueString": "StructureDefinition:resource"
          }
        ],
        "reference": {
          "reference": "StructureDefinition/il-core-media"
        },
        "name": "ILCore Media Profile",
        "description": "Proposed constraints and extensions on the Media Resource",
        "exampleBoolean": false
      },
      {
        "extension": [
          {
            "url": "http://hl7.org/fhir/tools/StructureDefinition/resource-information",
            "valueString": "StructureDefinition:resource"
          }
        ],
        "reference": {
          "reference": "StructureDefinition/il-core-medication"
        },
        "name": "ILCore Medication Profile",
        "description": "Proposed constraints and extensions on the Medication Resource",
        "exampleBoolean": false
      },
      {
        "extension": [
          {
            "url": "http://hl7.org/fhir/tools/StructureDefinition/resource-information",
            "valueString": "StructureDefinition:resource"
          }
        ],
        "reference": {
          "reference": "StructureDefinition/il-core-medication-request"
        },
        "name": "ILCore MedicationRequest Profile",
        "description": "Proposed constraints and extensions on the MedicationRequest  Resource",
        "exampleBoolean": false
      },
      {
        "extension": [
          {
            "url": "http://hl7.org/fhir/tools/StructureDefinition/resource-information",
            "valueString": "StructureDefinition:resource"
          }
        ],
        "reference": {
          "reference": "StructureDefinition/il-core-observation"
        },
        "name": "ILCore Observation Profile",
        "description": "Proposed constraints and extensions on the Observation Resource",
        "exampleBoolean": false
      },
      {
        "extension": [
          {
            "url": "http://hl7.org/fhir/tools/StructureDefinition/resource-information",
            "valueString": "StructureDefinition:resource"
          }
        ],
        "reference": {
          "reference": "StructureDefinition/il-core-organization"
        },
        "name": "ILCore Organization Profile",
        "description": "Proposed constraints and extensions on the Organization Resource",
        "exampleBoolean": false
      },
      {
        "extension": [
          {
            "url": "http://hl7.org/fhir/tools/StructureDefinition/resource-information",
            "valueString": "StructureDefinition:resource"
          }
        ],
        "reference": {
          "reference": "StructureDefinition/il-core-patient"
        },
        "name": "ILCore Patient Profile",
        "description": "Proposed constraints and extensions on the Patient Resource.",
        "exampleBoolean": false
      },
      {
        "extension": [
          {
            "url": "http://hl7.org/fhir/tools/StructureDefinition/resource-information",
            "valueString": "StructureDefinition:resource"
          }
        ],
        "reference": {
          "reference": "StructureDefinition/il-core-practitioner"
        },
        "name": "ILCore Practitioner Profile",
        "description": "Proposed constraints and extensions on the Practitioner Resource",
        "exampleBoolean": false
      },
      {
        "extension": [
          {
            "url": "http://hl7.org/fhir/tools/StructureDefinition/resource-information",
            "valueString": "StructureDefinition:resource"
          }
        ],
        "reference": {
          "reference": "StructureDefinition/il-core-practitioner-role"
        },
        "name": "ILCore PractitionerRole Profile",
        "description": "Proposed constraints and extensions on the PractitionerRole Resource",
        "exampleBoolean": false
      },
      {
        "extension": [
          {
            "url": "http://hl7.org/fhir/tools/StructureDefinition/resource-information",
            "valueString": "StructureDefinition:resource"
          }
        ],
        "reference": {
          "reference": "StructureDefinition/il-core-procedure"
        },
        "name": "ILCore Procedure Profile",
        "description": "Proposed constraints and extensions on the Procedure Resource",
        "exampleBoolean": false
      },
      {
        "extension": [
          {
            "url": "http://hl7.org/fhir/tools/StructureDefinition/resource-information",
            "valueString": "StructureDefinition:resource"
          }
        ],
        "reference": {
          "reference": "StructureDefinition/il-core-questionnaire-response"
        },
        "name": "ILCore QuestionnaireResponse Profile",
        "description": "Proposed constraints and extensions on the QuestionnaireResponse Resource",
        "exampleBoolean": false
      },
      {
        "extension": [
          {
            "url": "http://hl7.org/fhir/tools/StructureDefinition/resource-information",
            "valueString": "StructureDefinition:resource"
          }
        ],
        "reference": {
          "reference": "StructureDefinition/il-core-related-person"
        },
        "name": "ILCore RelatedPerson Profile",
        "description": "Proposed constraints and extensions on theILCoreRelatedPerson Resource",
        "exampleBoolean": false
      },
      {
        "extension": [
          {
            "url": "http://hl7.org/fhir/tools/StructureDefinition/resource-information",
            "valueString": "StructureDefinition:resource"
          }
        ],
        "reference": {
          "reference": "StructureDefinition/il-core-service-request"
        },
        "name": "ILCore ServiceRequest Profile",
        "description": "Proposed constraints and extensions on the ServiceRequest Resource",
        "exampleBoolean": false
      },
      {
        "extension": [
          {
            "url": "http://hl7.org/fhir/tools/StructureDefinition/resource-information",
            "valueString": "StructureDefinition:resource"
          }
        ],
        "reference": {
          "reference": "StructureDefinition/il-core-specimen"
        },
        "name": "ILCore Specimen Profile",
        "description": "Proposed constraints and extensions on the Specimen Resource",
        "exampleBoolean": false
      },
      {
        "extension": [
          {
            "url": "http://hl7.org/fhir/tools/StructureDefinition/resource-information",
            "valueString": "StructureDefinition:resource"
          }
        ],
        "reference": {
          "reference": "StructureDefinition/MyPatient"
        },
        "name": "MyPatient",
        "exampleBoolean": false
      },
      {
        "extension": [
          {
            "url": "http://hl7.org/fhir/tools/StructureDefinition/resource-information",
            "valueString": "StructureDefinition:extension"
          }
        ],
        "reference": {
          "reference": "StructureDefinition/ext-city-code"
        },
        "name": "City Code",
        "description": "A coded representation of the city, town or settlement",
        "exampleBoolean": false
      },
      {
        "extension": [
          {
            "url": "http://hl7.org/fhir/tools/StructureDefinition/resource-information",
            "valueString": "StructureDefinition:extension"
          }
        ],
        "reference": {
          "reference": "StructureDefinition/ext-il-hmo"
        },
        "name": "Israel Health Management Organization (קופת חולים)",
        "description": "Extension: Israel Health Management Organizations (קופות חולים)",
        "exampleBoolean": false
      },
      {
        "extension": [
          {
            "url": "http://hl7.org/fhir/tools/StructureDefinition/resource-information",
            "valueString": "StructureDefinition:extension"
          }
        ],
        "reference": {
          "reference": "StructureDefinition/ext-parent-name"
        },
        "name": "Name of parent",
        "description": "Extension: The name of a parent",
        "exampleBoolean": false
      },
      {
        "extension": [
          {
            "url": "http://hl7.org/fhir/tools/StructureDefinition/resource-information",
            "valueString": "StructureDefinition:extension"
          }
        ],
        "reference": {
          "reference": "StructureDefinition/ext-patient-immigration"
        },
        "name": "Patient Immigration",
        "description": "Extension: Immigration information for patient - for the purpose of this extension - immigration is an international movement of a person to a destination country in order to settle as permanent resident",
        "exampleBoolean": false
      },
      {
        "extension": [
          {
            "url": "http://hl7.org/fhir/tools/StructureDefinition/resource-information",
            "valueString": "StructureDefinition:extension"
          }
        ],
        "reference": {
          "reference": "StructureDefinition/ext-qualification-practice"
        },
        "name": "Qualification Practice",
        "description": "Extension: Qualification Practice",
        "exampleBoolean": false
      },
      {
        "extension": [
          {
            "url": "http://hl7.org/fhir/tools/StructureDefinition/resource-information",
            "valueString": "StructureDefinition:extension"
          }
        ],
        "reference": {
          "reference": "StructureDefinition/ext-statistical-area"
        },
        "name": "Statistical Area",
        "description": "Extension: Statistical Area",
        "exampleBoolean": false
      },
      {
        "extension": [
          {
            "url": "http://hl7.org/fhir/tools/StructureDefinition/resource-information",
            "valueString": "ValueSet"
          }
        ],
        "reference": {
          "reference": "ValueSet/city-symbol"
        },
        "name": "City Symbol (סמל ישוב)",
        "description": "City classification according to the Israeli Postal Company city-symbol coding system",
        "exampleBoolean": false
      },
      {
        "extension": [
          {
            "url": "http://hl7.org/fhir/tools/StructureDefinition/resource-information",
            "valueString": "ValueSet"
          }
        ],
        "reference": {
          "reference": "ValueSet/il-core-condition-category"
        },
        "name": "IL Core Condition Category Codes",
        "description": "A list of category codes for conditions for the IL Core",
        "exampleBoolean": false
      },
      {
        "extension": [
          {
            "url": "http://hl7.org/fhir/tools/StructureDefinition/resource-information",
            "valueString": "ValueSet"
          }
        ],
        "reference": {
          "reference": "ValueSet/il-core-condition-code"
        },
        "name": "IL Core Condition Codes",
        "description": "A list of codes for conditions for the IL Core",
        "exampleBoolean": false
      },
      {
        "extension": [
          {
            "url": "http://hl7.org/fhir/tools/StructureDefinition/resource-information",
            "valueString": "ValueSet"
          }
        ],
        "reference": {
          "reference": "ValueSet/vs-patient-relationship-type"
        },
        "name": "IL Core Patient Relationship Type codes",
        "description": "A set of codes that can be used to indicate the relationship between a Patient and a Related Person.",
        "exampleBoolean": false
      },
      {
        "extension": [
          {
            "url": "http://hl7.org/fhir/tools/StructureDefinition/resource-information",
            "valueString": "ValueSet"
          }
        ],
        "reference": {
          "reference": "ValueSet/institution-type-moh"
        },
        "name": "סוג מוסד לפי רישוי משרד הבריאות",
        "description": "סוג מוסד לפי רישוי משרד הבריאות - הרוב המכריע נמצא בפרסום המאגר של רישוי מוסדות של משרד הבריאות",
        "exampleBoolean": false
      },
      {
        "extension": [
          {
            "url": "http://hl7.org/fhir/tools/StructureDefinition/resource-information",
            "valueString": "ValueSet"
          }
        ],
        "reference": {
          "reference": "ValueSet/israel-hmo"
        },
        "name": "Israeli Health Management Organization (קופת חולים)",
        "description": "A code classifying Health Management Organizations",
        "exampleBoolean": false
      },
      {
        "extension": [
          {
            "url": "http://hl7.org/fhir/tools/StructureDefinition/resource-information",
            "valueString": "ValueSet"
          }
        ],
        "reference": {
          "reference": "ValueSet/medical-service-code"
        },
        "name": "קוד מוצר או שירות",
        "description": "קוד שירותים רפואיים , כולל שירותים באשפוז, שירותים אמבולטוריים, רפואת שיניים ובריאות הנפש",
        "exampleBoolean": false
      },
      {
        "extension": [
          {
            "url": "http://hl7.org/fhir/tools/StructureDefinition/resource-information",
            "valueString": "ValueSet"
          }
        ],
        "reference": {
          "reference": "ValueSet/medical-service-moh"
        },
        "name": "קוד מוצר או שירות",
        "description": "קוד שירותים רפואיים , כולל שירותים באשפוז, שירותים אמבולטוריים, רפואת שיניים ובריאות הנפש",
        "exampleBoolean": false
      },
      {
        "extension": [
          {
            "url": "http://hl7.org/fhir/tools/StructureDefinition/resource-information",
            "valueString": "ValueSet"
          }
        ],
        "reference": {
          "reference": "ValueSet/passport-uri"
        },
        "name": "Passport URIs",
        "description": "A country specific URI for passport numbers",
        "exampleBoolean": false
      },
      {
        "extension": [
          {
            "url": "http://hl7.org/fhir/tools/StructureDefinition/resource-information",
            "valueString": "ValueSet"
          }
        ],
        "reference": {
          "reference": "ValueSet/practitioner-certificate-type-moh"
        },
        "name": "MoH Certificate Types",
        "description": "A list of codes for certificate types according to Israeli MoH",
        "exampleBoolean": false
      },
      {
        "extension": [
          {
            "url": "http://hl7.org/fhir/tools/StructureDefinition/resource-information",
            "valueString": "ValueSet"
          }
        ],
        "reference": {
          "reference": "ValueSet/practitioner-expertise-moh"
        },
        "name": "קוד מומחיות לעוסק בבריאות",
        "description": "קוד מומחיות לעוסק בבריאות לפי רישוי משרד הבריאות",
        "exampleBoolean": false
      },
      {
        "extension": [
          {
            "url": "http://hl7.org/fhir/tools/StructureDefinition/resource-information",
            "valueString": "ValueSet"
          }
        ],
        "reference": {
          "reference": "ValueSet/practitioner-profession-moh"
        },
        "name": "קוד מקצוע לעוסק בבריאות",
        "description": "קוד מקצוע לעוסק בבריאות לפי רישוי משרד הבריאות",
        "exampleBoolean": false
      },
      {
        "extension": [
          {
            "url": "http://hl7.org/fhir/tools/StructureDefinition/resource-information",
            "valueString": "ValueSet"
          }
        ],
        "reference": {
          "reference": "ValueSet/statistical-area-uri"
        },
        "name": "Israeli statistical area (אג\"ס) URI",
        "description": "URI's of statistical area identifiers",
        "exampleBoolean": false
      },
      {
        "extension": [
          {
            "url": "http://hl7.org/fhir/tools/StructureDefinition/resource-information",
            "valueString": "ValueSet"
          }
        ],
        "reference": {
          "reference": "ValueSet/yarpa-medication-code"
        },
        "name": "Yarpa Medication Code",
        "description": "Codes for medications according to 'Yarpa' catalogue",
        "exampleBoolean": false
      },
      {
        "extension": [
          {
            "url": "http://hl7.org/fhir/tools/StructureDefinition/resource-information",
            "valueString": "CodeSystem"
          }
        ],
        "reference": {
          "reference": "CodeSystem/city-symbol"
        },
        "name": "City Symbol (סמל ישוב)",
        "description": "Codes for cities in Israel",
        "exampleBoolean": false
      },
      {
        "extension": [
          {
            "url": "http://hl7.org/fhir/tools/StructureDefinition/resource-information",
            "valueString": "CodeSystem"
          }
        ],
        "reference": {
          "reference": "CodeSystem/institution-type-moh"
        },
        "name": "סוג מוסד לפי רישוי משרד הבריאות",
        "description": "סוג מוסד לפי רישוי משרד הבריאות - הרוב המכריע נמצא בפרסום המאגר של רישוי מוסדות של משרד הבריאות",
        "exampleBoolean": false
      },
      {
        "extension": [
          {
            "url": "http://hl7.org/fhir/tools/StructureDefinition/resource-information",
            "valueString": "CodeSystem"
          }
        ],
        "reference": {
          "reference": "CodeSystem/medical-service-moh"
        },
        "name": "קוד מוצר או שירות על פי משרד הבריאות",
        "description": "קוד שירותים רפואיים , כולל שירותים באשפוז, שירותים אמבולטוריים, רפואת שיניים ובריאות הנפש \n Codes for medical services. Note that while this code system closely resembles CPT and includes a large number of CPT codes, there are some additional codes that are not covered by CPT and, more importantly, some cases where CPT codes are remapped and have different semantic meanings (e.g., code #28899 has two different meanings in CPT and in MoH codesytem). Therefore, despite apparent resemblance, this code system MUST NOT be treated as CPT.",
        "exampleBoolean": false
      },
      {
        "extension": [
          {
            "url": "http://hl7.org/fhir/tools/StructureDefinition/resource-information",
            "valueString": "CodeSystem"
          }
        ],
        "reference": {
          "reference": "CodeSystem/passport-uri"
        },
        "name": "Country Code URIs",
        "description": "A country specific URI for passport numbers",
        "exampleBoolean": false
      },
      {
        "extension": [
          {
            "url": "http://hl7.org/fhir/tools/StructureDefinition/resource-information",
            "valueString": "CodeSystem"
          }
        ],
        "reference": {
          "reference": "CodeSystem/paying-entity-moh"
        },
        "name": "Payer (Paying Entity / גורם משלם)",
        "description": "Codes for different paying entities in Israel; including HMOs, IDF, MoD, PLA, Prison system",
        "exampleBoolean": false
      },
      {
        "extension": [
          {
            "url": "http://hl7.org/fhir/tools/StructureDefinition/resource-information",
            "valueString": "CodeSystem"
          }
        ],
        "reference": {
          "reference": "CodeSystem/practitioner-certificate-type-moh"
        },
        "name": "MoH Certificate Types",
        "description": "A list of codes for certificate types according to Israeli MoH",
        "exampleBoolean": false
      },
      {
        "extension": [
          {
            "url": "http://hl7.org/fhir/tools/StructureDefinition/resource-information",
            "valueString": "CodeSystem"
          }
        ],
        "reference": {
          "reference": "CodeSystem/practitioner-education-moh"
        },
        "name": "Ministry of Health practitioner-education codes",
        "description": "Codes for practitioner-education according to Israeli MoH",
        "exampleBoolean": false
      },
      {
        "extension": [
          {
            "url": "http://hl7.org/fhir/tools/StructureDefinition/resource-information",
            "valueString": "CodeSystem"
          }
        ],
        "reference": {
          "reference": "CodeSystem/practitioner-education-type-moh"
        },
        "name": "Ministry of Health practitioner-education-type codes",
        "description": "Codes for practitioner-education-types according to Israeli MoH",
        "exampleBoolean": false
      },
      {
        "extension": [
          {
            "url": "http://hl7.org/fhir/tools/StructureDefinition/resource-information",
            "valueString": "CodeSystem"
          }
        ],
        "reference": {
          "reference": "CodeSystem/practitioner-expertise-moh"
        },
        "name": "קוד מומחיות לעוסק בבריאות",
        "description": "קוד מומחיות לעוסק בבריאות לפי רישוי משרד הבריאות",
        "exampleBoolean": false
      },
      {
        "extension": [
          {
            "url": "http://hl7.org/fhir/tools/StructureDefinition/resource-information",
            "valueString": "CodeSystem"
          }
        ],
        "reference": {
          "reference": "CodeSystem/practitioner-profession-moh"
        },
        "name": "קוד מקצוע לעוסק בבריאות",
        "description": "קוד מקצוע לעוסק בבריאות לפי רישוי משרד הבריאות",
        "exampleBoolean": false
      },
      {
        "extension": [
          {
            "url": "http://hl7.org/fhir/tools/StructureDefinition/resource-information",
            "valueString": "CodeSystem"
          }
        ],
        "reference": {
          "reference": "CodeSystem/yarpa-medication-code"
        },
        "name": "Yarpa Medication Codes",
        "description": "Codes for medications according to 'Yarpa' catalogue",
        "exampleBoolean": false
      },
      {
        "extension": [
          {
            "url": "http://hl7.org/fhir/tools/StructureDefinition/resource-information",
            "valueString": "Practitioner"
          }
        ],
        "reference": {
          "reference": "Practitioner/anesthesiologist-with-expertise"
        },
        "name": "anesthesiologist-with-expertise",
        "exampleCanonical": "http://fhir.health.gov.il/StructureDefinition/il-core-practitioner"
      },
      {
        "extension": [
          {
            "url": "http://hl7.org/fhir/tools/StructureDefinition/resource-information",
            "valueString": "NamingSystem"
          }
        ],
        "reference": {
          "reference": "NamingSystem/cbs-statistical-area"
        },
        "name": "cbs-statistical-area",
        "description": "A number representing the city symbol (4-digits) + statistical area (3 digits) in settelment. 7 digits long. Full CBS number conatins two parts: City symbol + statistical number. E.g.: Jerusalem (3000) 113 area produces -> 3000113",
        "exampleBoolean": false
      },
      {
        "extension": [
          {
            "url": "http://hl7.org/fhir/tools/StructureDefinition/resource-information",
            "valueString": "NamingSystem"
          }
        ],
        "reference": {
          "reference": "NamingSystem/city-symbol"
        },
        "name": "city-symbol",
        "description": "Codes for cities in Israel",
        "exampleBoolean": false
      },
      {
        "extension": [
          {
            "url": "http://hl7.org/fhir/tools/StructureDefinition/resource-information",
            "valueString": "Condition"
          }
        ],
        "reference": {
          "reference": "Condition/condition-burnt-ear"
        },
        "name": "condition-burnt-ear",
        "exampleCanonical": "http://fhir.health.gov.il/StructureDefinition/il-core-condition"
      },
      {
        "extension": [
          {
            "url": "http://hl7.org/fhir/tools/StructureDefinition/resource-information",
            "valueString": "NamingSystem"
          }
        ],
        "reference": {
          "reference": "NamingSystem/il-national-id"
        },
        "name": "il-national-id",
        "description": "Israeli Identifier number issued for all citizens and permanent residents. A nine-digit number including a check-digit",
        "exampleBoolean": false
      },
      {
        "extension": [
          {
            "url": "http://hl7.org/fhir/tools/StructureDefinition/resource-information",
            "valueString": "NamingSystem"
          }
        ],
        "reference": {
          "reference": "NamingSystem/institution-type-moh"
        },
        "name": "institution-type-moh",
        "description": "סוג מוסד לפי רישוי משרד הבריאות",
        "exampleBoolean": false
      },
      {
        "extension": [
          {
            "url": "http://hl7.org/fhir/tools/StructureDefinition/resource-information",
            "valueString": "NamingSystem"
          }
        ],
        "reference": {
          "reference": "NamingSystem/legal-entity"
        },
        "name": "legal-entity",
        "description": "Israeli legal entity number",
        "exampleBoolean": false
      },
      {
        "extension": [
          {
            "url": "http://hl7.org/fhir/tools/StructureDefinition/resource-information",
            "valueString": "Location"
          }
        ],
        "reference": {
          "reference": "Location/location-hospital-unit"
        },
        "name": "location-hospital-unit",
        "exampleCanonical": "http://fhir.health.gov.il/StructureDefinition/il-core-location"
      },
      {
        "extension": [
          {
            "url": "http://hl7.org/fhir/tools/StructureDefinition/resource-information",
            "valueString": "Location"
          }
        ],
        "reference": {
          "reference": "Location/location-hospital-unit-with-kind"
        },
        "name": "location-hospital-unit-with-kind",
        "exampleBoolean": true
      },
      {
        "extension": [
          {
            "url": "http://hl7.org/fhir/tools/StructureDefinition/resource-information",
            "valueString": "NamingSystem"
          }
        ],
        "reference": {
          "reference": "NamingSystem/medical-service-moh"
        },
        "name": "medical-service-moh",
        "description": "מזהה מוסד לפי רישוי משרד הבריאות",
        "exampleBoolean": false
      },
      {
        "extension": [
          {
            "url": "http://hl7.org/fhir/tools/StructureDefinition/resource-information",
            "valueString": "Organization"
          }
        ],
        "reference": {
          "reference": "Organization/organization-ministry-of-health"
        },
        "name": "organization-ministry-of-health",
        "exampleCanonical": "http://fhir.health.gov.il/StructureDefinition/il-core-organization"
      },
      {
        "extension": [
          {
            "url": "http://hl7.org/fhir/tools/StructureDefinition/resource-information",
            "valueString": "Organization"
          }
        ],
        "reference": {
          "reference": "Organization/organization-school-moe"
        },
        "name": "organization-school-moe",
        "exampleCanonical": "http://fhir.health.gov.il/StructureDefinition/il-core-organization"
      },
      {
        "extension": [
          {
            "url": "http://hl7.org/fhir/tools/StructureDefinition/resource-information",
            "valueString": "NamingSystem"
          }
        ],
        "reference": {
          "reference": "NamingSystem/passport-uri"
        },
        "name": "passport-uri",
        "description": "A country specific URI for passport numbers",
        "exampleBoolean": false
      },
      {
        "extension": [
          {
            "url": "http://hl7.org/fhir/tools/StructureDefinition/resource-information",
            "valueString": "Patient"
          }
        ],
        "reference": {
          "reference": "Patient/patient-immigrant"
        },
        "name": "patient-immigrant",
        "exampleCanonical": "http://fhir.health.gov.il/StructureDefinition/il-core-patient"
      },
      {
        "extension": [
          {
            "url": "http://hl7.org/fhir/tools/StructureDefinition/resource-information",
            "valueString": "Patient"
          }
        ],
        "reference": {
          "reference": "Patient/patient-israeli-with-statistical-area"
        },
        "name": "patient-israeli-with-statistical-area",
        "exampleCanonical": "http://fhir.health.gov.il/StructureDefinition/il-core-patient"
      },
      {
        "extension": [
          {
            "url": "http://hl7.org/fhir/tools/StructureDefinition/resource-information",
            "valueString": "Patient"
          }
        ],
        "reference": {
          "reference": "Patient/patient-israeli-with-two-identifiers"
        },
        "name": "patient-israeli-with-two-identifiers",
        "exampleCanonical": "http://fhir.health.gov.il/StructureDefinition/il-core-patient"
      },
      {
        "extension": [
          {
            "url": "http://hl7.org/fhir/tools/StructureDefinition/resource-information",
            "valueString": "Patient"
          }
        ],
        "reference": {
          "reference": "Patient/patient-with-israeli-id"
        },
        "name": "patient-with-israeli-id",
        "exampleCanonical": "http://fhir.health.gov.il/StructureDefinition/il-core-patient"
      },
      {
        "extension": [
          {
            "url": "http://hl7.org/fhir/tools/StructureDefinition/resource-information",
            "valueString": "Patient"
          }
        ],
        "reference": {
          "reference": "Patient/patient-with-multiple-birth"
        },
        "name": "patient-with-multiple-birth",
        "exampleCanonical": "http://fhir.health.gov.il/StructureDefinition/il-core-patient"
      },
      {
        "extension": [
          {
            "url": "http://hl7.org/fhir/tools/StructureDefinition/resource-information",
            "valueString": "Patient"
          }
        ],
        "reference": {
          "reference": "Patient/patient-with-palestinian-id"
        },
        "name": "patient-with-palestinian-id",
        "exampleCanonical": "http://fhir.health.gov.il/StructureDefinition/il-core-patient"
      },
      {
        "extension": [
          {
            "url": "http://hl7.org/fhir/tools/StructureDefinition/resource-information",
            "valueString": "Patient"
          }
        ],
        "reference": {
          "reference": "Patient/patient-with-passport-identification"
        },
        "name": "patient-with-passport-identification",
        "exampleCanonical": "http://fhir.health.gov.il/StructureDefinition/il-core-patient"
      },
      {
        "extension": [
          {
            "url": "http://hl7.org/fhir/tools/StructureDefinition/resource-information",
            "valueString": "NamingSystem"
          }
        ],
        "reference": {
          "reference": "NamingSystem/paying-entity-moh"
        },
        "name": "paying-entity-moh",
        "description": "Codes for different paying entities in Israel; including HMOs, IDF, MoD, PLA, Prison system",
        "exampleBoolean": false
      },
      {
        "extension": [
          {
            "url": "http://hl7.org/fhir/tools/StructureDefinition/resource-information",
            "valueString": "NamingSystem"
          }
        ],
        "reference": {
          "reference": "NamingSystem/pna-national-id"
        },
        "name": "pna-national-id",
        "description": "Palestinian Identifier number. A nine-digit number",
        "exampleBoolean": false
      },
      {
        "extension": [
          {
            "url": "http://hl7.org/fhir/tools/StructureDefinition/resource-information",
            "valueString": "NamingSystem"
          }
        ],
        "reference": {
          "reference": "NamingSystem/practitioner-expertise-moh"
        },
        "name": "practitioner-expertise-moh",
        "description": "קוד מומחיות לעוסק בבריאות לפי רישוי משרד הבריאות",
        "exampleBoolean": false
      },
      {
        "extension": [
          {
            "url": "http://hl7.org/fhir/tools/StructureDefinition/resource-information",
            "valueString": "Practitioner"
          }
        ],
        "reference": {
          "reference": "Practitioner/practitioner-md"
        },
        "name": "practitioner-md",
        "exampleCanonical": "http://fhir.health.gov.il/StructureDefinition/il-core-practitioner"
      },
      {
        "extension": [
          {
            "url": "http://hl7.org/fhir/tools/StructureDefinition/resource-information",
            "valueString": "Practitioner"
          }
        ],
        "reference": {
          "reference": "Practitioner/practitioner-nurse"
        },
        "name": "practitioner-nurse",
        "exampleCanonical": "http://fhir.health.gov.il/StructureDefinition/il-core-practitioner"
      },
      {
        "extension": [
          {
            "url": "http://hl7.org/fhir/tools/StructureDefinition/resource-information",
            "valueString": "NamingSystem"
          }
        ],
        "reference": {
          "reference": "NamingSystem/practitioner-profession-moh"
        },
        "name": "practitioner-profession-moh",
        "description": "קוד מקצוע לעוסק בבריאות לפי רישוי משרד הבריאות",
        "exampleBoolean": false
      },
      {
        "extension": [
          {
            "url": "http://hl7.org/fhir/tools/StructureDefinition/resource-information",
            "valueString": "Practitioner"
          }
        ],
        "reference": {
          "reference": "Practitioner/practitioner-psychologist"
        },
        "name": "practitioner-psychologist",
        "exampleCanonical": "http://fhir.health.gov.il/StructureDefinition/il-core-practitioner"
      },
      {
        "extension": [
          {
            "url": "http://hl7.org/fhir/tools/StructureDefinition/resource-information",
            "valueString": "PractitionerRole"
          }
        ],
        "reference": {
          "reference": "PractitionerRole/practitionerRole-gp"
        },
        "name": "practitionerRole-gp",
        "exampleCanonical": "http://fhir.health.gov.il/StructureDefinition/il-core-practitioner-role"
      },
      {
        "extension": [
          {
            "url": "http://hl7.org/fhir/tools/StructureDefinition/resource-information",
            "valueString": "Patient"
          }
        ],
        "reference": {
          "reference": "Patient/test-myPatient"
        },
        "name": "test-myPatient",
        "exampleCanonical": "http://fhir.health.gov.il/StructureDefinition/my-patient"
      }
    ],
    "page": {
      "nameUrl": "toc.html",
      "title": "Table of Contents",
      "generation": "html"
    },
    "parameter": [
      {
        "code": "path-resource",
        "value": "input/capabilities"
      },
      {
        "code": "path-resource",
        "value": "input/examples"
      },
      {
        "code": "path-resource",
        "value": "input/extensions"
      },
      {
        "code": "path-resource",
        "value": "input/models"
      },
      {
        "code": "path-resource",
        "value": "input/operations"
      },
      {
        "code": "path-resource",
        "value": "input/profiles"
      },
      {
        "code": "path-resource",
        "value": "input/resources"
      },
      {
        "code": "path-resource",
        "value": "input/vocabulary"
      },
      {
        "code": "path-resource",
        "value": "input/maps"
      },
      {
        "code": "path-resource",
        "value": "input/testing"
      },
      {
        "code": "path-resource",
        "value": "input/history"
      },
      {
        "code": "path-resource",
        "value": "fsh-generated/resources"
      },
      {
        "code": "path-pages",
        "value": "template/config"
      },
      {
        "code": "path-pages",
        "value": "input/images"
      },
      {
        "code": "path-tx-cache",
        "value": "input-cache/txcache"
      }
    ]
  }
}