<?xml version="1.0" encoding="UTF-8"?>

<NamingSystem xmlns="http://hl7.org/fhir">
  <id value="cbs-statistical-area"/>
  <text>
    <status value="generated"/><div xmlns="http://www.w3.org/1999/xhtml"><h3>Summary</h3><table class="grid"><tr><td>Defining URL</td><td>http://fhir.health.gov.il/NamingSystem/cbs-statistical-area</td></tr><tr><td>Version</td><td>4.1.0</td></tr><tr><td>Name</td><td>Israeli CBS statistical area</td></tr><tr><td>Status</td><td>active</td></tr><tr><td>Definition</td><td><div><p>A number representing the city symbol (4-digits) + statistical area (3 digits) in settelment. 7 digits long. Full CBS number conatins two parts: City symbol + statistical number. E.g.: Jerusalem (3000) 113 area produces -&gt; 3000113</p>
</div></td></tr><tr><td>Publisher</td><td>Israeli Central Bureau of Statistic</td></tr></table><h3>Identifiers</h3><table class="grid"><tr><td><b>Type</b></td><td><b>Value</b></td><td><b>Preferred</b></td></tr><tr><td>URI</td><td>http://fhir.health.gov.il/identifier/cbs-statistical-area</td><td>true</td></tr></table></div>
  </text>
  <name value="Israeli CBS statistical area"/>
  <status value="active"/>
  <kind value="identifier"/>
  <date value="2021-11-23"/>
  <publisher value="Israeli Central Bureau of Statistic"/>
  <contact>
    <name value="Kippi Bordowitz"/>
    <telecom>
      <system value="email"/>
      <value value="amos@outburn.co.il"/>
    </telecom>
  </contact>
  <responsible value="Israeli CBS"/>
  <type>
    <coding>
      <system value="http://terminology.hl7.org/CodeSystem/v2-0203"/>
      <code value="LI"/>
      <display value="Labor and industries number"/>
    </coding>
    <text value="National Person Identifier"/>
  </type>
  <description value="A number representing the city symbol (4-digits) + statistical area (3 digits) in settelment. 7 digits long. Full CBS number conatins two parts: City symbol + statistical number. E.g.: Jerusalem (3000) 113 area produces -&gt; 3000113"/>
  <jurisdiction>
    <coding>
      <system value="urn:iso:std:iso:3166"/>
      <code value="IL"/>
    </coding>
  </jurisdiction>
  <usage value="Identifies statistical sub-divisions of cities in Israel as defined by CBS"/>
  <uniqueId>
    <type value="uri"/>
    <value value="http://fhir.health.gov.il/identifier/cbs-statistical-area"/>
    <preferred value="true"/>
  </uniqueId>
</NamingSystem>