<?xml version="1.0" encoding="UTF-8"?>

<Patient xmlns="http://hl7.org/fhir">
  <id value="patient-with-israeli-id"/>
  <meta>
    <profile value="http://fhir.health.gov.il/StructureDefinition/il-core-patient"/>
  </meta>
  <text>
    <status value="generated"/><div xmlns="http://www.w3.org/1999/xhtml">תמר כהן</div>
  </text>
  <extension url="http://fhir.health.gov.il/StructureDefinition/ext-il-hmo">
    <valueCodeableConcept>
      <coding>
        <system value="http://fhir.health.gov.il/cs/paying-entity-moh"/>
        <code value="103"/>
      </coding>
    </valueCodeableConcept>
  </extension>
  <identifier>
    <system value="http://fhir.health.gov.il/identifier/il-national-id"/>
    <value value="000000018"/>
  </identifier>
  <active value="true"/>
  <name>
    <text value="תמר כהן"/>
    <family value="כהן"/>
    <given value="תמר"/>
  </name>
  <telecom>
    <system value="phone"/>
    <value value="052467911"/>
    <use value="home"/>
  </telecom>
  <telecom>
    <system value="email"/>
    <value value="Israel@example.com"/>
  </telecom>
  <gender value="female"/>
  <birthDate value="2003-04-17"/>
  <deceasedBoolean value="false"/>
  <address>
    <extension url="http://hl7.org/fhir/StructureDefinition/geolocation">
      <extension url="longitude">
        <valueDecimal value="182468.59"/>
      </extension>
      <extension url="latitude">
        <valueDecimal value="670131.38"/>
      </extension>
    </extension>
    <use value="home"/>
    <type value="physical"/>
    <text value="אלכסנדר פן 1א' דירה 4 תל אביב"/>
    <line value="אלכסנדר פן 1א">
      <extension url="http://hl7.org/fhir/StructureDefinition/iso21090-ADXP-streetName">
        <valueString value="פן אלכסנדר"/>
      </extension>
      <extension url="http://hl7.org/fhir/StructureDefinition/iso21090-ADXP-houseNumber">
        <valueString value="1"/>
      </extension>
      <extension url="http://hl7.org/fhir/StructureDefinition/iso21090-ADXP-buildingNumberSuffix">
        <valueString value="א'"/>
      </extension>
      <extension url="http://hl7.org/fhir/StructureDefinition/iso21090-ADXP-unitID">
        <valueString value="4"/>
      </extension>
      <extension url="http://hl7.org/fhir/StructureDefinition/iso21090-ADXP-postBox">
        <valueString value="1446"/>
      </extension>
    </line>
    <city value="תל אביב">
      <extension url="http://fhir.health.gov.il/StructureDefinition/ext-city-code">
        <valueCodeableConcept>
          <coding>
            <system value="http://fhir.health.gov.il/cs/city-symbol"/>
            <code value="5000"/>
          </coding>
        </valueCodeableConcept>
      </extension>
    </city>
    <district value="תל אביב"/>
    <postalCode value="6964101"/>
    <country value="ISR"/>
  </address>
</Patient>