{
  "resourceType": "Practitioner",
  "id": "practitioner-nurse",
  "meta": {
    "profile": [
      "http://fhir.health.gov.il/StructureDefinition/il-core-practitioner"
    ]
  },
  "text": {
    "status": "generated",
    "div": "<div xmlns=\"http://www.w3.org/1999/xhtml\">אחות מוסמכת</div>"
  },
  "identifier": [
    {
      "system": "http://practitioners.health.gov.il/Nurses",
      "value": "7962"
    }
  ],
  "active": true,
  "name": [
    {
      "text": "ג'וסלין ששון",
      "family": "ששון",
      "given": [
        "ג'וסלין"
      ],
      "prefix": [
        "גב'"
      ]
    }
  ],
  "telecom": [
    {
      "system": "phone",
      "value": "02-5334295",
      "use": "work"
    }
  ],
  "gender": "female",
  "birthDate": "1986-06-30",
  "qualification": [
    {
      "extension": [
        {
          "url": "http://fhir.health.gov.il/StructureDefinition/ext-qualification-practice",
          "valueCodeableConcept": {
            "coding": [
              {
                "system": "http://fhir.health.gov.il/cs/practitioner-profession-moh",
                "code": "101",
                "display": "אח/ות מוסמכ/ת"
              }
            ]
          }
        }
      ],
      "identifier": [
        {
          "system": "http://practitioners.health.gov.il/Practitioners",
          "value": "362666"
        }
      ],
      "code": {
        "coding": [
          {
            "system": "http://fhir.health.gov.il/cs/practitioner-certificate-type-moh",
            "code": "26",
            "display": "תעודת רישום"
          }
        ]
      }
    },
    {
      "extension": [
        {
          "url": "http://fhir.health.gov.il/StructureDefinition/ext-qualification-practice",
          "valueCodeableConcept": {
            "coding": [
              {
                "system": "http://fhir.health.gov.il/cs/practitioner-expertise-moh",
                "code": "102",
                "display": "סוכרת"
              }
            ]
          }
        }
      ],
      "identifier": [
        {
          "system": "http://practitioners.health.gov.il/practitioner-certificate",
          "value": "12070"
        }
      ],
      "code": {
        "coding": [
          {
            "system": "http://fhir.health.gov.il/cs/practitioner-certificate-type-moh",
            "code": "5",
            "display": "תעודת מומחה"
          }
        ]
      }
    }
  ]
}