<?xml version="1.0" encoding="UTF-8"?>

<Practitioner xmlns="http://hl7.org/fhir">
  <id value="practitioner-md"/>
  <meta>
    <profile value="http://fhir.health.gov.il/StructureDefinition/il-core-practitioner"/>
  </meta>
  <text>
    <status value="generated"/><div xmlns="http://www.w3.org/1999/xhtml">רופאת משפחה</div>
  </text>
  <identifier>
    <system value="http://practitioners.health.gov.il/Practitioners"/>
    <value value="1-22947"/>
  </identifier>
  <active value="true"/>
  <name>
    <text value="דר' גרינפלד דיאנה"/>
    <family value="גרינפלד"/>
    <given value="דיאנה"/>
    <prefix value="דר'"/>
  </name>
  <telecom>
    <system value="phone"/>
    <value value="04-6421420"/>
    <use value="work"/>
  </telecom>
  <telecom>
    <system value="email"/>
    <value value="DG@example.com"/>
  </telecom>
  <gender value="female"/>
  <birthDate value="1979-04-30"/>
</Practitioner>