{
  "resourceType": "Practitioner",
  "id": "practitioner-psychologist",
  "meta": {
    "profile": [
      "http://fhir.health.gov.il/StructureDefinition/il-core-practitioner"
    ]
  },
  "text": {
    "status": "generated",
    "div": "<div xmlns=\"http://www.w3.org/1999/xhtml\">psychologist with an instructor certificate</div>"
  },
  "identifier": [
    {
      "system": "http://practitioners.health.gov.il/Practitioners",
      "value": "1-1234"
    }
  ],
  "active": true,
  "name": [
    {
      "text": "גב' שרי לוין",
      "family": "לוין",
      "given": [
        "שרי"
      ],
      "prefix": [
        "גב'"
      ]
    }
  ],
  "telecom": [
    {
      "system": "phone",
      "value": "04-44442254",
      "use": "work"
    },
    {
      "system": "email",
      "value": "DG@example.com"
    }
  ],
  "gender": "female",
  "birthDate": "1980-06-22",
  "qualification": [
    {
      "extension": [
        {
          "url": "http://fhir.health.gov.il/StructureDefinition/ext-qualification-practice",
          "valueCodeableConcept": {
            "coding": [
              {
                "system": "http://fhir.health.gov.il/cs/practitioner-profession-moh",
                "code": "27",
                "display": "פסיכולוג"
              }
            ]
          }
        }
      ],
      "identifier": [
        {
          "system": "http://practitioners.health.gov.il/Practitioners",
          "value": "1-1234"
        }
      ],
      "code": {
        "coding": [
          {
            "system": "http://fhir.health.gov.il/cs/practitioner-certificate-type-moh",
            "code": "2",
            "display": "רישיון קבוע"
          }
        ]
      }
    },
    {
      "extension": [
        {
          "url": "http://fhir.health.gov.il/StructureDefinition/ext-qualification-practice",
          "valueCodeableConcept": {
            "coding": [
              {
                "system": "http://fhir.health.gov.il/cs/practitioner-expertise-moh",
                "code": "21",
                "display": "הרדמה"
              }
            ]
          }
        }
      ],
      "identifier": [
        {
          "system": "http://practitioners.health.gov.il/practitioner-certificate",
          "value": "123445"
        }
      ],
      "code": {
        "coding": [
          {
            "system": "http://fhir.health.gov.il/cs/practitioner-certificate-type-moh",
            "code": "5",
            "display": "תעודת מומחה"
          }
        ]
      }
    }
  ]
}