{"resourceType":"NamingSystem","id":"medical-service-moh","text":{"status":"generated","div":"<div xmlns=\"http://www.w3.org/1999/xhtml\"><h3>Summary</h3><table class=\"grid\"><tr><td>Defining URL</td><td>http://fhir.health.gov.il/NamingSystem/medical-service-moh</td></tr><tr><td>Version</td><td>4.1.0</td></tr><tr><td>Name</td><td>קוד מוצר או שירות על פי משרד הבריאות</td></tr><tr><td>Status</td><td>active</td></tr><tr><td>Definition</td><td><div><p>מזהה מוסד לפי רישוי משרד הבריאות</p>\n</div></td></tr><tr><td>Publisher</td><td>Israeli Ministry of Health</td></tr></table><h3>Identifiers</h3><table class=\"grid\"><tr><td><b>Type</b></td><td><b>Value</b></td><td><b>Preferred</b></td><td><b>Period</b></td><td><b>Comment</b></td></tr><tr><td>URI</td><td>http://fhir.health.gov.il/cs/medical-service-moh</td><td>true</td><td></td><td/></tr><tr><td>URI</td><td>http://fhir.health.org.il/cs/medical-service-moh</td><td>false</td><td>(?) --&gt; 2021-07-11</td><td>This value was mistakenly set in the first drafts of ILCore</td></tr></table></div>"},"name":"קוד מוצר או שירות על פי משרד הבריאות","status":"active","kind":"codesystem","date":"2021-07-28","publisher":"Israeli Ministry of Health","contact":[{"name":"Kippi Bordowitz","telecom":[{"system":"email","value":"amos@outburn.co.il"}]}],"responsible":"Israeli Ministry of Health","description":"מזהה מוסד לפי רישוי משרד הבריאות","jurisdiction":[{"coding":[{"system":"urn:iso:std:iso:3166","code":"IL"}]}],"usage":"קוד שירותים רפואיים , כולל שירותים באשפוז, שירותים אמבולטוריים, רפואת שיניים ובריאות הנפש \n Codes for medical services. Note that while this code system closely resembles CPT and includes a large number of CPT codes, there are some additional codes that are not covered by CPT and, more importantly, some cases where CPT codes are remapped and have different semantic meanings (e.g., code #28899 has two different meanings in CPT and in MoH codesytem). Therefore, despite apparent resemblance, this code system MUST NOT be treated as CPT.","uniqueId":[{"type":"uri","value":"http://fhir.health.gov.il/cs/medical-service-moh","preferred":true},{"type":"uri","value":"http://fhir.health.org.il/cs/medical-service-moh","preferred":false,"comment":"This value was mistakenly set in the first drafts of ILCore","period":{"end":"2021-07-11"}}]}