{"resourceType":"ValueSet","id":"passport-uri","text":{"status":"generated","div":"<div xmlns=\"http://www.w3.org/1999/xhtml\"><ul><li>Include all codes defined in <a href=\"CodeSystem-passport-uri.html\"><code>http://fhir.health.gov.il/cs/passport-uri</code></a></li></ul></div>"},"url":"http://fhir.health.gov.il/ValueSet/passport-uri","version":"4.1.0","name":"PassportUri","title":"Passport URIs","status":"draft","date":"2022-04-25T22:05:39+03:00","contact":[{"name":"Kippi Bordowitz","telecom":[{"system":"email","value":"amos@outburn.co.il"}]}],"description":"A country specific URI for passport numbers","compose":{"include":[{"system":"http://fhir.health.gov.il/cs/passport-uri"}]}}