{"resourceType":"ValueSet","id":"yarpa-medication-code","language":"he-IL","text":{"status":"generated","div":"<div xmlns=\"http://www.w3.org/1999/xhtml\" xml:lang=\"he-IL\" lang=\"he-IL\"><ul><li>Include all codes defined in <a href=\"CodeSystem-yarpa-medication-code.html\"><code>http://yarpa.co.il/catalog</code></a></li></ul></div>"},"url":"http://fhir.health.gov.il/ValueSet/yarpa-medication-code","version":"4.1.0","name":"YarpaMedicationCode","title":"Yarpa Medication Code","status":"draft","date":"2022-04-25T22:05:39+03:00","contact":[{"name":"Kippi Bordowitz","telecom":[{"system":"email","value":"amos@outburn.co.il"}]}],"description":"Codes for medications according to 'Yarpa' catalogue","compose":{"include":[{"system":"http://yarpa.co.il/catalog"}]}}