{"resourceType":"ValueSet","id":"il-core-condition-code","text":{"status":"generated","div":"<div xmlns=\"http://www.w3.org/1999/xhtml\"><p>This value set includes codes based on the following rules:</p><ul><li>Include codes from <a href=\"http://www.snomed.org/\"><code>http://snomed.info/sct</code></a> where concept  descends from  404684003 (Clinical finding (finding))</li><li>Include codes from <a href=\"http://www.snomed.org/\"><code>http://snomed.info/sct</code></a> where concept  descends from  243796009 (Context-dependent categories)</li><li>Include codes from <a href=\"http://www.snomed.org/\"><code>http://snomed.info/sct</code></a> where concept  descends from  272379006 (Events)</li><li>Include all codes defined in <a href=\"http://terminology.hl7.org/3.1.0/CodeSystem-icd10.html\"><code>http://hl7.org/fhir/sid/icd-10</code></a></li><li>Include all codes defined in <a href=\"http://terminology.hl7.org/3.1.0/CodeSystem-icd10CM.html\"><code>http://hl7.org/fhir/sid/icd-10-cm</code></a></li><li>Include all codes defined in <code>http://hl7.org/fhir/sid/icd-9-cm</code></li><li>Include all codes defined in <a href=\"http://terminology.hl7.org/3.1.0/CodeSystem-icd-o-3.html\"><code>http://terminology.hl7.org/CodeSystem/icd-o-3</code></a></li><li>Include these codes as defined in <a href=\"http://www.snomed.org/\"><code>http://snomed.info/sct</code></a><table class=\"none\"><tr><td style=\"white-space:nowrap\"><b>Code</b></td><td><b>Display</b></td></tr><tr><td><a href=\"http://snomed.info/id/160245001\">160245001</a></td><td>No current problems or disability</td></tr></table></li></ul></div>"},"url":"http://fhir.health.gov.il/ValueSet/il-core-condition-code","version":"4.1.0","name":"ILCoreConditionCode","title":"IL Core Condition Codes","status":"draft","date":"2022-04-25T22:05:39+03:00","contact":[{"name":"Kippi Bordowitz","telecom":[{"system":"email","value":"amos@outburn.co.il"}]}],"description":"A list of codes for conditions for the IL Core","compose":{"include":[{"system":"http://snomed.info/sct","filter":[{"property":"concept","op":"descendent-of","value":"404684003"}]},{"system":"http://snomed.info/sct","filter":[{"property":"concept","op":"descendent-of","value":"243796009"}]},{"system":"http://snomed.info/sct","filter":[{"property":"concept","op":"descendent-of","value":"272379006"}]},{"system":"http://hl7.org/fhir/sid/icd-10"},{"system":"http://hl7.org/fhir/sid/icd-10-cm"},{"system":"http://hl7.org/fhir/sid/icd-9-cm"},{"system":"http://terminology.hl7.org/CodeSystem/icd-o-3"},{"system":"http://snomed.info/sct","concept":[{"code":"160245001","display":"No current problems or disability"}]}]}}