{"resourceType":"ValueSet","id":"vs-patient-relationship-type","language":"en-US","text":{"status":"extensions","div":"<div xmlns=\"http://www.w3.org/1999/xhtml\" xml:lang=\"en-US\" lang=\"en-US\"><p>This value set includes codes based on the following rules:</p><ul><li>Include all codes defined in <a href=\"http://terminology.hl7.org/3.1.0/CodeSystem-v2-0131.html\"><code>http://terminology.hl7.org/CodeSystem/v2-0131</code></a></li><li>Include codes from <a href=\"http://terminology.hl7.org/3.1.0/CodeSystem-v3-RoleCode.html\"><code>http://terminology.hl7.org/CodeSystem/v3-RoleCode</code></a> where concept  is-a  <a href=\"http://terminology.hl7.org/3.1.0/CodeSystem-v3-RoleCode.html#v3-RoleCode-_PersonalRelationshipRoleType\">_PersonalRelationshipRoleType</a></li><li>Include these codes as defined in <a href=\"http://terminology.hl7.org/3.1.0/CodeSystem-v3-RoleCode.html\"><code>http://terminology.hl7.org/CodeSystem/v3-RoleCode</code></a><table class=\"none\"><tr><td style=\"white-space:nowrap\"><b>Code</b></td><td><b>Display</b></td><td><b>Definition</b></td></tr><tr><td><a href=\"http://terminology.hl7.org/3.1.0/CodeSystem-v3-RoleCode.html#v3-RoleCode-GUARD\">GUARD</a></td><td>Guardian</td><td>The role played by a person or institution legally empowered with responsibility for the care of a ward.</td></tr><tr><td><a href=\"http://terminology.hl7.org/3.1.0/CodeSystem-v3-RoleCode.html#v3-RoleCode-HPOWATT\">HPOWATT</a></td><td>healthcare power of attorney</td><td>A relationship between two people in which one person authorizes another to act for him or her in a manner which is a legally binding upon the person giving such authority as if he or she personally were to do the acts that continues (by its terms) to be effective even though the grantor has become mentally incompetent after signing the document.</td></tr></table></li></ul></div>"},"url":"http://fhir.health.gov.il/ValueSet/patient-relationship-type","version":"4.1.0","name":"ILCorePatientRelationshipType","title":"IL Core Patient Relationship Type codes","status":"draft","date":"2022-04-25T22:05:39+03:00","contact":[{"name":"Kippi Bordowitz","telecom":[{"system":"email","value":"amos@outburn.co.il"}]}],"description":"A set of codes that can be used to indicate the relationship between a Patient and a Related Person.","compose":{"include":[{"system":"http://terminology.hl7.org/CodeSystem/v2-0131"},{"system":"http://terminology.hl7.org/CodeSystem/v3-RoleCode","filter":[{"property":"concept","op":"is-a","value":"_PersonalRelationshipRoleType"}]},{"system":"http://terminology.hl7.org/CodeSystem/v3-RoleCode","concept":[{"code":"GUARD","display":"Guardian"},{"code":"HPOWATT","display":"healthcare power of attorney"}]}]}}