{"resourceType":"ValueSet","id":"institution-type-moh","language":"he-IL","text":{"status":"generated","div":"<div xmlns=\"http://www.w3.org/1999/xhtml\" xml:lang=\"he-IL\" lang=\"he-IL\"><ul><li>Include all codes defined in <a href=\"CodeSystem-institution-type-moh.html\"><code>http://fhir.health.gov.il/cs/institution-type-moh</code></a></li></ul></div>"},"url":"http://fhir.health.gov.il/ValueSet/institution-type-moh","version":"4.1.0","name":"InstitutionTypeMoH","title":"סוג מוסד לפי רישוי משרד הבריאות","status":"draft","date":"2022-04-25T22:05:39+03:00","contact":[{"name":"Kippi Bordowitz","telecom":[{"system":"email","value":"amos@outburn.co.il"}]}],"description":"סוג מוסד לפי רישוי משרד הבריאות - הרוב המכריע נמצא בפרסום המאגר של רישוי מוסדות של משרד הבריאות","compose":{"include":[{"system":"http://fhir.health.gov.il/cs/institution-type-moh"}]}}