{
  "resourceType": "Location",
  "id": "location-hospital-unit-with-kind",
  "text": {
    "status": "generated",
    "div": "<div xmlns=\"http://www.w3.org/1999/xhtml\"><p><b>Generated Narrative</b></p><div style=\"display: inline-block; background-color: #d9e0e7; padding: 6px; margin: 4px; border: 1px solid #8da1b4; border-radius: 5px; line-height: 60%\"><p style=\"margin-bottom: 0px\">Resource \"location-hospital-unit-with-kind\" </p></div><p><b>identifier</b>: id: 010011</p><p><b>status</b>: active</p><p><b>name</b>: פנימית ב'</p><p><b>type</b>: Hospital unit <span style=\"background: LightGoldenRodYellow; margin: 4px; border: 1px solid khaki\"> (<a href=\"http://terminology.hl7.org/3.1.0/CodeSystem-v3-RoleCode.html\">RoleCode</a>#HU)</span></p></div>"
  },
  "identifier": [
    {
      "system": "http://fhir.health.gov.il/cs/institute-department-moh",
      "value": "010011"
    }
  ],
  "status": "active",
  "name": "פנימית ב'",
  "type": [
    {
      "coding": [
        {
          "system": "http://terminology.hl7.org/CodeSystem/v3-RoleCode",
          "code": "HU"
        }
      ]
    }
  ]
}