{
  "resourceType": "NamingSystem",
  "id": "pna-national-id",
  "text": {
    "status": "generated",
    "div": "<div xmlns=\"http://www.w3.org/1999/xhtml\"><h3>Summary</h3><table class=\"grid\"><tr><td>Defining URL</td><td>http://fhir.health.gov.il/NamingSystem/pna-national-id</td></tr><tr><td>Version</td><td>4.1.0</td></tr><tr><td>Name</td><td>Palestinian National Identifier - Individual</td></tr><tr><td>Status</td><td>active</td></tr><tr><td>Definition</td><td><div><p>Palestinian Identifier number. A nine-digit number</p>\n</div></td></tr><tr><td>Publisher</td><td>Israeli Ministry of Health</td></tr></table><h3>Identifiers</h3><table class=\"grid\"><tr><td><b>Type</b></td><td><b>Value</b></td><td><b>Preferred</b></td><td><b>Period</b></td><td><b>Comment</b></td></tr><tr><td>URI</td><td>http://fhir.health.gov.il/identifier/pna-national-id</td><td>true</td><td></td><td/></tr><tr><td>URI</td><td>http://fhir.health.org.il/identifier/pna-national-id</td><td>false</td><td>(?) --&gt; 2021-07-11</td><td>This value was mistakenly set in the first drafts of ILCore</td></tr></table></div>"
  },
  "name": "Palestinian National Identifier - Individual",
  "status": "active",
  "kind": "identifier",
  "date": "2021-07-28",
  "publisher": "Israeli Ministry of Health",
  "contact": [
    {
      "name": "Kippi Bordowitz",
      "telecom": [
        {
          "system": "email",
          "value": "amos@outburn.co.il"
        }
      ]
    }
  ],
  "responsible": "Israeli Ministry of Interior",
  "type": {
    "coding": [
      {
        "system": "http://terminology.hl7.org/CodeSystem/v2-0203",
        "code": "NI",
        "display": "National unique individual identifier"
      }
    ],
    "text": "Palestinian Person Identifier"
  },
  "description": "Palestinian Identifier number. A nine-digit number",
  "jurisdiction": [
    {
      "coding": [
        {
          "system": "urn:iso:std:iso:3166",
          "code": "IL"
        }
      ]
    }
  ],
  "usage": "Used for identifying palestinian patients, practitioners and relatedPersons",
  "uniqueId": [
    {
      "type": "uri",
      "value": "http://fhir.health.gov.il/identifier/pna-national-id",
      "preferred": true
    },
    {
      "type": "uri",
      "value": "http://fhir.health.org.il/identifier/pna-national-id",
      "preferred": false,
      "comment": "This value was mistakenly set in the first drafts of ILCore",
      "period": {
        "end": "2021-07-11"
      }
    }
  ]
}