{
  "resourceType": "PractitionerRole",
  "id": "practitionerRole-gp",
  "meta": {
    "profile": [
      "http://fhir.health.gov.il/StructureDefinition/il-core-practitioner-role"
    ]
  },
  "text": {
    "status": "generated",
    "div": "<div xmlns=\"http://www.w3.org/1999/xhtml\">רופאת משפחה</div>"
  },
  "active": true,
  "practitioner": {
    "reference": "Practitioner/GP.1-22947"
  },
  "location": [
    {
      "reference": "Location/Rambam"
    }
  ],
  "telecom": [
    {
      "system": "phone",
      "value": "04-6421420",
      "use": "work"
    },
    {
      "system": "email",
      "value": "DG@example.com"
    }
  ],
  "availableTime": [
    {
      "availableStartTime": "09:00:00",
      "availableEndTime": "17:00:00"
    }
  ]
}