{
  "resourceType": "Practitioner",
  "id": "practitioner-md",
  "meta": {
    "profile": [
      "http://fhir.health.gov.il/StructureDefinition/il-core-practitioner"
    ]
  },
  "text": {
    "status": "generated",
    "div": "<div xmlns=\"http://www.w3.org/1999/xhtml\">רופאת משפחה</div>"
  },
  "identifier": [
    {
      "system": "http://practitioners.health.gov.il/Practitioners",
      "value": "1-22947"
    }
  ],
  "active": true,
  "name": [
    {
      "text": "דר' גרינפלד דיאנה",
      "family": "גרינפלד",
      "given": [
        "דיאנה"
      ],
      "prefix": [
        "דר'"
      ]
    }
  ],
  "telecom": [
    {
      "system": "phone",
      "value": "04-6421420",
      "use": "work"
    },
    {
      "system": "email",
      "value": "DG@example.com"
    }
  ],
  "gender": "female",
  "birthDate": "1979-04-30"
}