{
  "resourceType": "ValueSet",
  "id": "il-core-condition-category",
  "text": {
    "status": "generated",
    "div": "<div xmlns=\"http://www.w3.org/1999/xhtml\"><p>This value set includes codes based on the following rules:</p><ul><li>Include all codes defined in <a href=\"http://terminology.hl7.org/3.1.0/CodeSystem-condition-category.html\"><code>http://terminology.hl7.org/CodeSystem/condition-category</code></a></li><li>Include these codes as defined in <a href=\"http://www.snomed.org/\"><code>http://snomed.info/sct</code></a><table class=\"none\"><tr><td style=\"white-space:nowrap\"><b>Code</b></td><td><b>Display</b></td></tr><tr><td><a href=\"http://snomed.info/id/16100001\">16100001</a></td><td>Death diagnosis (contextual qualifier) (qualifier value)</td></tr></table></li></ul></div>"
  },
  "url": "http://fhir.health.gov.il/ValueSet/il-core-condition-category",
  "version": "4.1.0",
  "name": "ILCoreConditionCategory",
  "title": "IL Core Condition Category Codes",
  "status": "draft",
  "date": "2022-04-25T22:05:39+03:00",
  "contact": [
    {
      "name": "Kippi Bordowitz",
      "telecom": [
        {
          "system": "email",
          "value": "amos@outburn.co.il"
        }
      ]
    }
  ],
  "description": "A list of category codes for conditions for the IL Core",
  "compose": {
    "include": [
      {
        "system": "http://terminology.hl7.org/CodeSystem/condition-category"
      },
      {
        "system": "http://snomed.info/sct",
        "concept": [
          {
            "code": "16100001",
            "display": "Death diagnosis (contextual qualifier) (qualifier value)"
          }
        ]
      }
    ]
  }
}