{
  "resourceType": "ValueSet",
  "id": "city-symbol",
  "language": "he-IL",
  "text": {
    "status": "generated",
    "div": "<div xmlns=\"http://www.w3.org/1999/xhtml\" xml:lang=\"he-IL\" lang=\"he-IL\"><ul><li>Include all codes defined in <a href=\"CodeSystem-city-symbol.html\"><code>http://fhir.health.gov.il/cs/city-symbol</code></a></li></ul></div>"
  },
  "url": "http://fhir.health.gov.il/ValueSet/city-symbol",
  "version": "4.1.0",
  "name": "CitySymbol",
  "title": "City Symbol (סמל ישוב)",
  "status": "draft",
  "date": "2022-04-25T22:05:39+03:00",
  "contact": [
    {
      "name": "Kippi Bordowitz",
      "telecom": [
        {
          "system": "email",
          "value": "amos@outburn.co.il"
        }
      ]
    }
  ],
  "description": "City classification according to the Israeli Postal Company city-symbol coding system",
  "compose": {
    "include": [
      {
        "system": "http://fhir.health.gov.il/cs/city-symbol"
      }
    ]
  }
}