{
  "resourceType": "ValueSet",
  "id": "practitioner-profession-moh",
  "language": "he-IL",
  "text": {
    "status": "generated",
    "div": "<div xmlns=\"http://www.w3.org/1999/xhtml\" xml:lang=\"he-IL\" lang=\"he-IL\"><ul><li>Include all codes defined in <a href=\"CodeSystem-practitioner-profession-moh.html\"><code>http://fhir.health.gov.il/cs/practitioner-profession-moh</code></a></li></ul></div>"
  },
  "url": "http://fhir.health.gov.il/ValueSet/practitioner-profession-moh",
  "version": "4.1.0",
  "name": "PractitionerProfessionMoH",
  "title": "קוד מקצוע לעוסק בבריאות",
  "status": "draft",
  "date": "2022-04-25T22:05:39+03:00",
  "contact": [
    {
      "name": "Kippi Bordowitz",
      "telecom": [
        {
          "system": "email",
          "value": "amos@outburn.co.il"
        }
      ]
    }
  ],
  "description": "קוד מקצוע לעוסק בבריאות לפי רישוי משרד הבריאות",
  "compose": {
    "include": [
      {
        "system": "http://fhir.health.gov.il/cs/practitioner-profession-moh"
      }
    ]
  }
}