{
  "resourceType": "ValueSet",
  "id": "israel-hmo",
  "language": "he-IL",
  "text": {
    "status": "extensions",
    "div": "<div xmlns=\"http://www.w3.org/1999/xhtml\" xml:lang=\"he-IL\" lang=\"he-IL\"><ul><li>Include these codes as defined in <a href=\"CodeSystem-paying-entity-moh.html\"><code>http://fhir.health.gov.il/cs/paying-entity-moh</code></a><table class=\"none\"><tr><td style=\"white-space:nowrap\"><b>Code</b></td><td><b>Display</b></td><td><b>Definition</b></td></tr><tr><td><a href=\"CodeSystem-paying-entity-moh.html#paying-entity-moh-101\">101</a></td><td>קופת חולים כללית</td><td>הערך קופת חולים כללית מתאים למקרה בו הגורם המשלם הוא קופת חולים כללית (לא מדובר בשיוך לקופה)</td></tr><tr><td><a href=\"CodeSystem-paying-entity-moh.html#paying-entity-moh-102\">102</a></td><td>קופת חולים לאומית</td><td>הערך קופת חולים לאומית מתאים למקרה בו הגורם המשלם הוא קופת חולים לאומית (לא מדובר בשיוך לקופה)</td></tr><tr><td><a href=\"CodeSystem-paying-entity-moh.html#paying-entity-moh-103\">103</a></td><td>קופת חולים מכבי</td><td>הערך קופת חולים מכבי מתאים למקרה בו הגורם המשלם הוא קופת חולים מכבי (לא מדובר בשיוך לקופה)</td></tr><tr><td><a href=\"CodeSystem-paying-entity-moh.html#paying-entity-moh-104\">104</a></td><td>קופת חולים מאוחדת</td><td>הערך קופת חולים מאוחדת מתאים למקרה בו הגורם המשלם הוא קופת חולים מאוחדת (לא מדובר בשיוך לקופה)</td></tr><tr><td><a href=\"CodeSystem-paying-entity-moh.html#paying-entity-moh-401\">401</a></td><td>צה&quot;ל</td><td>הערך צה&quot;ל מתאים למקרה בו הגורם המשלם הוא צה&quot;ל (לא מדובר בשיוך אליו כקופה חמישת)</td></tr><tr><td><a href=\"CodeSystem-paying-entity-moh.html#paying-entity-moh-402\">402</a></td><td>משרד הבטחון</td><td>הערך משרד הבטחון מתאים למקרה בו הגורם המשלם הוא משרד הביטחון</td></tr><tr><td><a href=\"CodeSystem-paying-entity-moh.html#paying-entity-moh-480\">480</a></td><td>רשות פלסטינאית</td><td>הערך רשות פלסטינאית מתאים למקרה בו הגורם המשלם הוא הרשות הפלסטינאית</td></tr><tr><td><a href=\"CodeSystem-paying-entity-moh.html#paying-entity-moh-405\">405</a></td><td>שירות בתי הסוהר</td><td>הערך שירותי בתי הסוהר  מתאים למקרה בו הגורם המשלם הוא </td></tr></table></li></ul></div>"
  },
  "url": "http://fhir.health.gov.il/ValueSet/israel-hmo",
  "version": "4.1.0",
  "name": "IsraelHMO",
  "title": "Israeli Health Management Organization (קופת חולים)",
  "status": "draft",
  "date": "2022-04-25T22:05:39+03:00",
  "contact": [
    {
      "name": "Kippi Bordowitz",
      "telecom": [
        {
          "system": "email",
          "value": "amos@outburn.co.il"
        }
      ]
    }
  ],
  "description": "A code classifying Health Management Organizations",
  "compose": {
    "include": [
      {
        "system": "http://fhir.health.gov.il/cs/paying-entity-moh",
        "concept": [
          {
            "code": "101",
            "display": "קופת חולים כללית"
          },
          {
            "code": "102",
            "display": "קופת חולים לאומית"
          },
          {
            "code": "103",
            "display": "קופת חולים מכבי"
          },
          {
            "code": "104",
            "display": "קופת חולים מאוחדת"
          },
          {
            "code": "401",
            "display": "צה\"ל"
          },
          {
            "code": "402",
            "display": "משרד הבטחון"
          },
          {
            "code": "480",
            "display": "רשות פלסטינאית"
          },
          {
            "code": "405",
            "display": "שירות בתי הסוהר"
          }
        ]
      }
    ]
  }
}